unique_id,code,slug,caption,type,is_actual,publ_date,start_date,end_date,version,file
8747,40001,zakon-za-zadalzhitelnoto-depozirane-na-pechatni-i-drugi-proizvedeniya-i-za-obyavyavane-na-razprostranitelite-i-dostavchi,"ЗАКОН за задължителното депозиране на печатни и други произведения и за обявяване на разпространителите и доставчиците на медийни услуги  (Загл. изм. - ДВ, бр. 42 от 2009 г., в сила от 6.07.2009 г., доп., бр. 94 от 2018 г.)",4,true,2026-02-10,2026-02-14,,,laws/zakon-za-zadalzhitelnoto-depozirane-na-pechatni-i-drugi-proizvedeniya-i-za-obyavyavane-na-razprostranitelite-i-dostavchi.json
8772,4001,zakon-za-avtorskoto-pravo-i-srodnite-mu-prava,"ЗАКОН за авторското право и сродните му права",4,true,2024-08-20,2026-01-01,,,laws/zakon-za-avtorskoto-pravo-i-srodnite-mu-prava.json
8964,4007,zakon-za-darzhavnite-taksi,"ЗАКОН за държавните такси",4,true,2021-03-09,2021-03-13,,,laws/zakon-za-darzhavnite-taksi.json
9013,4009,zakon-za-zadalzheniyata-i-dogovorite,"ЗАКОН за задълженията и договорите",4,true,2021-04-27,2021-05-01,,,laws/zakon-za-zadalzheniyata-i-dogovorite.json
9083,4014,zakon-za-otmenyavane-na-vsichki-zakoni-izdadeni-predi-9091944-g,"ЗАКОН за отменяване на всички закони, издадени преди 9.09.1944 г.",4,true,1951-11-20,1951-11-23,,,laws/zakon-za-otmenyavane-na-vsichki-zakoni-izdadeni-predi-9091944-g.json
9096,40142,zakon-za-nasarchavane-na-zaetostta,"ЗАКОН за насърчаване на заетостта",4,true,2025-03-27,2025-01-01,,,laws/zakon-za-nasarchavane-na-zaetostta.json
9100,40144,zakon-za-zashtita-na-lichnite-danni,"ЗАКОН за защита на личните данни",4,true,2026-02-10,2026-02-14,,,laws/zakon-za-zashtita-na-lichnite-danni.json
9136,40158,zakon-za-privatizaciya-i-sledprivatizacionen-kontrol,"ЗАКОН за приватизация и следприватизационен контрол",4,true,2026-02-10,2026-02-14,,,laws/zakon-za-privatizaciya-i-sledprivatizacionen-kontrol.json
9146,40162,zakon-za-semeyni-pomoshti-za-deca,"ЗАКОН за семейни помощи за деца",4,true,2023-08-01,2023-01-01,,,laws/zakon-za-semeyni-pomoshti-za-deca.json
9154,40165,zakon-za-zashtita-na-klasificiranata-informaciya,"ЗАКОН за защита на класифицираната информация",4,true,2026-02-10,2026-02-14,,,laws/zakon-za-zashtita-na-klasificiranata-informaciya.json
9155,40166,zakon-za-izmervaniyata,"ЗАКОН за измерванията",4,true,2024-05-10,2024-05-10,,,laws/zakon-za-izmervaniyata.json
9157,40167,zakon-za-sdelkite-s-kompensatorni-instrumenti,"ЗАКОН за сделките с компенсаторни инструменти",4,true,2019-10-08,2019-10-12,,,laws/zakon-za-sdelkite-s-kompensatorni-instrumenti.json
9171,40172,zakon-za-ubezhishteto-i-bezhancite,"ЗАКОН за убежището и бежанците",4,true,2025-06-27,2025-07-01,,,laws/zakon-za-ubezhishteto-i-bezhancite.json
9206,40182,zakon-za-bezopasno-izpolzvane-na-yadrenata-energiya,"ЗАКОН за безопасно използване на ядрената енергия",4,true,2026-02-10,2026-02-14,,,laws/zakon-za-bezopasno-izpolzvane-na-yadrenata-energiya.json
9229,40193,zakon-za-biologichnoto-raznoobrazie,"ЗАКОН за биологичното разнообразие",4,true,2024-08-20,2024-08-24,,,laws/zakon-za-biologichnoto-raznoobrazie.json
9236,40197,zakon-za-opazvane-na-okolnata-sreda,"ЗАКОН за опазване на околната среда",4,true,2026-02-10,2026-02-14,,,laws/zakon-za-opazvane-na-okolnata-sreda.json
9239,40198,zakon-za-bankovata-nesastoyatelnost,"ЗАКОН за банковата несъстоятелност",4,true,2025-08-15,2026-01-01,,,laws/zakon-za-bankovata-nesastoyatelnost.json
9247,40203,zakon-za-darzhavniya-dalg,"ЗАКОН за държавния дълг",4,true,2026-02-10,2026-02-14,,,laws/zakon-za-darzhavniya-dalg.json
9266,40211,zakon-za-nacionalnata-agenciya-za-prihodite,"ЗАКОН за Националната агенция за приходите",4,true,2026-03-27,2026-03-27,,,laws/zakon-za-nacionalnata-agenciya-za-prihodite.json
9275,40218,zakon-za-veroizpovedaniyata,"ЗАКОН за вероизповеданията",4,true,2025-03-27,2025-01-01,,,laws/zakon-za-veroizpovedaniyata.json
9301,40225,zakon-za-komisiyata-za-finansov-nadzor,"ЗАКОН за Комисията за финансов надзор",4,true,2026-03-10,2026-03-14,,,laws/zakon-za-komisiyata-za-finansov-nadzor.json
9303,40226,zakon-za-darzhavnite-rezervi-i-voennovremennite-zapasi,"ЗАКОН за държавните резерви и военновременните запаси",4,true,2024-05-10,2024-05-10,,,laws/zakon-za-darzhavnite-rezervi-i-voennovremennite-zapasi.json
9335,40244,zakon-za-merkite-sreshtu-finansiraneto-na-terorizma-i-na-razprostranenieto-na-orazhiya-za-masovo-unishtozhenie-zagl-izm-,"ЗАКОН за мерките срещу финансирането на тероризма и на разпространението на оръжия за масово унищожение (Загл. изм. – ДВ, бр. 49 от 2025 г.)",4,true,2026-02-10,2026-02-14,,,laws/zakon-za-merkite-sreshtu-finansiraneto-na-terorizma-i-na-razprostranenieto-na-orazhiya-za-masovo-unishtozhenie-zagl-izm-.json
9339,40248,zakon-za-posevniya-i-posadachniya-material,"ЗАКОН за посевния и посадъчния материал",4,true,2025-11-07,2026-02-09,,,laws/zakon-za-posevniya-i-posadachniya-material.json
9341,40249,zakon-za-kamarite-na-arhitektite-i-inzhenerite-v-investicionnoto-proektirane,"ЗАКОН за камарите на архитектите и инженерите в инвестиционното проектиране",4,true,2025-10-17,2025-10-21,,,laws/zakon-za-kamarite-na-arhitektite-i-inzhenerite-v-investicionnoto-proektirane.json
9366,4026,zakon-za-opazvane-na-selskostopanskoto-imushtestvo,"ЗАКОН за опазване на селскостопанското имущество",4,true,2023-12-08,2023-12-12,,,laws/zakon-za-opazvane-na-selskostopanskoto-imushtestvo.json
9373,40266,zakon-za-borba-s-trafika-na-hora,"ЗАКОН за борба с трафика на хора",4,true,2019-10-15,2019-10-19,,,laws/zakon-za-borba-s-trafika-na-hora.json
9377,40268,zakon-za-ombudsmana,"ЗАКОН за омбудсмана",4,true,2026-02-10,2026-02-14,,,laws/zakon-za-ombudsmana.json
9379,4027,zakon-za-priznavane-uchitelska-pravosposobnost-na-lica-pridobili-prava-na-redovni-uchiteli-v-savetskiya-sayuz,"ЗАКОН за признаване учителска правоспособност на лица, придобили права на редовни учители в Съветския съюз",4,true,1947-02-18,1947-02-21,,,laws/zakon-za-priznavane-uchitelska-pravosposobnost-na-lica-pridobili-prava-na-redovni-uchiteli-v-savetskiya-sayuz.json
9393,40277,zakon-za-ogranichavane-na-administrativnoto-regulirane-i-administrativniya-kontrol-varhu-stopanskata-deynost,"ЗАКОН за ограничаване на административното регулиране и административния контрол върху стопанската дейност",4,true,2025-07-04,2025-07-08,,,laws/zakon-za-ogranichavane-na-administrativnoto-regulirane-i-administrativniya-kontrol-varhu-stopanskata-deynost.json
9395,40279,zakon-za-pchelarstvoto,"ЗАКОН за пчеларството",4,true,2023-12-08,2023-12-12,,,laws/zakon-za-pchelarstvoto.json
9416,40283,zakon-za-nyakoi-prava-na-licata-koito-sa-bili-prezidenti-na-republika-balgariya,"ЗАКОН за някои права на лицата, които са били президенти на Република България",4,true,2016-06-07,2016-06-11,,,laws/zakon-za-nyakoi-prava-na-licata-koito-sa-bili-prezidenti-na-republika-balgariya.json
9491,40300,zakon-za-transplantaciya-na-organi-takani-i-kletki,"ЗАКОН за трансплантация на органи, тъкани и клетки",4,true,2020-06-16,2020-06-16,,,laws/zakon-za-transplantaciya-na-organi-takani-i-kletki.json
9499,40307,zakon-za-zashtita-ot-diskriminaciya-zagl-izm-dv-br-68-ot-2006-g,"ЗАКОН за защита от дискриминация (Загл. изм. - ДВ, бр. 68 от 2006 г.)",4,true,2026-03-27,2026-03-31,,,laws/zakon-za-zashtita-ot-diskriminaciya-zagl-izm-dv-br-68-ot-2006-g.json
9524,4032,zakon-za-balgarskata-narodna-banka,"ЗАКОН за Българската народна банка",4,true,2025-08-05,2025-08-09,,,laws/zakon-za-balgarskata-narodna-banka.json
9533,40327,zakon-za-kravta-kravodaryavaneto-i-kravoprelivaneto,"ЗАКОН за кръвта, кръводаряването и кръвопреливането",4,true,2024-10-08,2024-10-08,,,laws/zakon-za-kravta-kravodaryavaneto-i-kravoprelivaneto.json
9534,40329,zakon-za-filmovata-industriya,"ЗАКОН за филмовата индустрия",4,true,2025-06-03,2026-01-01,,,laws/zakon-za-filmovata-industriya.json
9544,40332,zakon-za-energetikata,"ЗАКОН за енергетиката",4,true,2026-02-10,2026-02-14,,,laws/zakon-za-energetikata.json
9577,4034,zakon-za-sobstvenostta,"ЗАКОН за собствеността",4,true,2022-03-04,2022-03-08,,,laws/zakon-za-sobstvenostta.json
9685,40393,zakon-za-garantiranite-vzemaniya-na-rabotnicite-i-sluzhitelite-pri-nesastoyatelnost-na-rabotodatelya,"ЗАКОН за гарантираните вземания на работниците и служителите при несъстоятелност на работодателя",4,true,2020-12-04,2021-01-01,,,laws/zakon-za-garantiranite-vzemaniya-na-rabotnicite-i-sluzhitelite-pri-nesastoyatelnost-na-rabotodatelya.json
9692,4040,zakon-za-oproshtavane-na-zadalzheniya-kam-darzhavata,"ЗАКОН за опрощаване на задължения към държавата",4,true,1964-09-15,1964-09-18,,,laws/zakon-za-oproshtavane-na-zadalzheniya-kam-darzhavata.json
9701,40409,zakon-za-advokaturata,"ЗАКОН за адвокатурата",4,true,2026-02-13,2026-02-17,,,laws/zakon-za-advokaturata.json
9704,4041,zakon-za-normativnite-aktove,"ЗАКОН за нормативните актове",4,true,2026-03-27,2026-03-31,,,laws/zakon-za-normativnite-aktove.json
9724,4042,zakon-za-grazhdanskoto-vazduhoplavane,"ЗАКОН за гражданското въздухоплаване",4,true,2026-04-01,2026-04-16,,,laws/zakon-za-grazhdanskoto-vazduhoplavane.json
9731,40426,zakon-za-zdraveto,"ЗАКОН за здравето",4,true,2026-02-10,2026-02-14,,,laws/zakon-za-zdraveto.json
9777,40453,zakon-za-opazvane-na-obshtestveniya-red-pri-provezhdaneto-na-sportni-meropriyatiya,"ЗАКОН за опазване на обществения ред при провеждането на спортни мероприятия",4,true,2020-03-22,2020-03-22,,,laws/zakon-za-opazvane-na-obshtestveniya-red-pri-provezhdaneto-na-sportni-meropriyatiya.json
9779,40455,zakon-za-zashtita-na-lica-zastrasheni-vav-vrazka-s-nakazatelno-proizvodstvo,"ЗАКОН за защита на лица, застрашени във връзка с наказателно производство",4,true,2021-09-24,2021-09-28,,,laws/zakon-za-zashtita-na-lica-zastrasheni-vav-vrazka-s-nakazatelno-proizvodstvo.json
9782,40458,zakon-za-mediaciyata,"ЗАКОН за медиацията",4,true,2025-07-08,2025-07-12,,,laws/zakon-za-mediaciyata.json
9819,40473,zakon-za-regulirane-na-vodosnabditelnite-i-kanalizacionnite-uslugi,"ЗАКОН за регулиране на водоснабдителните и канализационните услуги",4,true,2018-09-18,2019-01-01,,,laws/zakon-za-regulirane-na-vodosnabditelnite-i-kanalizacionnite-uslugi.json
9825,40479,zakon-za-voennoinvalidite-i-voennopostradalite,"ЗАКОН за военноинвалидите и военнопострадалите",4,true,2025-11-25,2026-01-01,,,laws/zakon-za-voennoinvalidite-i-voennopostradalite.json
9827,40480,zakon-za-genetichno-modificirani-organizmi,"ЗАКОН за генетично модифицирани организми",4,true,2024-05-10,2024-05-10,,,laws/zakon-za-genetichno-modificirani-organizmi.json
9828,40481,zakon-za-politicheskite-partii,"ЗАКОН за политическите партии",4,true,2024-09-17,2024-09-21,,,laws/zakon-za-politicheskite-partii.json
9845,40492,zakon-za-obshtinskiya-dalg,"ЗАКОН за общинския дълг",4,true,2025-11-14,2026-01-01,,,laws/zakon-za-obshtinskiya-dalg.json
9846,40493,zakon-za-zadalzheniyata-kam-mezhdunarodniya-fond-za-obezshtetenie-pri-shteti-prichineni-ot-zamarsyavane-s-neft,"ЗАКОН за задълженията към Международния фонд за обезщетение при щети, причинени от замърсяване с нефт",4,true,2022-08-02,2022-08-06,,,laws/zakon-za-zadalzheniyata-kam-mezhdunarodniya-fond-za-obezshtetenie-pri-shteti-prichineni-ot-zamarsyavane-s-neft.json
9877,40502,zakon-za-registar-bulstat,"ЗАКОН за регистър БУЛСТАТ",4,true,2026-03-17,2027-01-01,,,laws/zakon-za-registar-bulstat.json
9881,40506,zakon-za-chastnite-sadebni-izpalniteli,"ЗАКОН за частните съдебни изпълнители",4,true,2020-12-18,2020-12-22,,,laws/zakon-za-chastnite-sadebni-izpalniteli.json
9896,40515,zakon-za-saslovnite-organizacii-na-medicinskite-sestri-akusherkite-i-asociiranite-medicinski-specialisti-na-lekarskite-a,"ЗАКОН за съсловните организации на медицинските сестри, акушерките и асоциираните медицински специалисти, на лекарските асистенти, на зъботехниците и на помощник-фармацевтите (Загл. изм. - ДВ, бр. 91 от 2018 г., бр. 39 от 2024 г., в сила от 1.05.2024 г.)",4,true,2024-05-01,2024-05-01,,,laws/zakon-za-saslovnite-organizacii-na-medicinskite-sestri-akusherkite-i-asociiranite-medicinski-specialisti-na-lekarskite-a.json
9897,40516,zakon-za-ekstradiciyata-i-evropeyskata-zapoved-za-arest,"ЗАКОН за екстрадицията и Европейската заповед за арест",4,true,2024-03-01,2024-03-05,,,laws/zakon-za-ekstradiciyata-i-evropeyskata-zapoved-za-arest.json
9901,4052,zakon-za-izplashtane-na-zadalzheniyata-ugovoreni-v-zlato,"ЗАКОН за изплащане на задълженията, уговорени в злато",4,true,1946-08-14,1946-08-17,,,laws/zakon-za-izplashtane-na-zadalzheniyata-ugovoreni-v-zlato.json
9924,4056,zakon-za-urezhdane-na-kolektivnite-trudovi-sporove,"ЗАКОН за уреждане на колективните трудови спорове",4,true,2015-10-13,2015-11-01,,,laws/zakon-za-urezhdane-na-kolektivnite-trudovi-sporove.json
9951,4057,zakon-za-administrativnite-narusheniya-i-nakazaniya,"ЗАКОН за административните нарушения и наказания",4,true,2026-02-13,2026-02-17,,,laws/zakon-za-administrativnite-narusheniya-i-nakazaniya.json
9968,4060,zakon-za-borba-sreshtu-protivoobshtestvenite-proyavi-na-maloletnite-i-nepalnoletnite-zagl-izm-izv-br-11-ot-1961-g,"ЗАКОН за борба срещу противообществените прояви на малолетните и непълнолетните (Загл. изм. - Изв., бр. 11 от 1961 г.)",4,true,2019-12-27,2019-12-31,,,laws/zakon-za-borba-sreshtu-protivoobshtestvenite-proyavi-na-maloletnite-i-nepalnoletnite-zagl-izm-izv-br-11-ot-1961-g.json
10071,4071,zakon-za-mestnoto-samoupravlenie-i-mestnata-administraciya,"ЗАКОН за местното самоуправление и местната администрация",4,true,2026-02-10,2026-02-14,,,laws/zakon-za-mestnoto-samoupravlenie-i-mestnata-administraciya.json
10093,4073,zakon-za-vazstanovyavane-sobstvenostta-varhu-odarzhaveni-nedvizhimi-imoti,"ЗАКОН за възстановяване собствеността върху одържавени недвижими имоти",4,true,2024-08-20,2026-01-01,,,laws/zakon-za-vazstanovyavane-sobstvenostta-varhu-odarzhaveni-nedvizhimi-imoti.json
10149,4081,zakon-za-balgarskata-akademiya-na-naukite,"ЗАКОН за Българската академия на науките",4,true,2018-12-13,2019-01-01,,,laws/zakon-za-balgarskata-akademiya-na-naukite.json
10154,4082,zakon-za-specialnite-razuznavatelni-sredstva,"ЗАКОН за специалните разузнавателни средства",4,true,2026-02-10,2026-02-14,,,laws/zakon-za-specialnite-razuznavatelni-sredstva.json
10314,4106,zakon-za-obyavyavane-na-sela-i-selishta-za-gradove-i-selishta-ot-gradski-tip,"ЗАКОН за обявяване на села и селища за градове и селища от градски тип",4,true,1964-09-15,1964-09-18,,,laws/zakon-za-obyavyavane-na-sela-i-selishta-za-gradove-i-selishta-ot-gradski-tip.json
10316,4108,zakon-za-amnistiya-ot-1964-g,"ЗАКОН за амнистия от 1964 г.",4,true,1964-09-08,1964-09-08,,,laws/zakon-za-amnistiya-ot-1964-g.json
10325,4110,zakon-za-nasarchavane-na-investiciite-zagl-izm-dv-br-37-ot-2004-g,"ЗАКОН за насърчаване на инвестициите (Загл. изм. - ДВ, бр. 37 от 2004 г.)",4,true,2025-11-11,2025-11-11,,,laws/zakon-za-nasarchavane-na-investiciite-zagl-izm-dv-br-37-ot-2004-g.json
10355,4112,zakon-za-obezshtetyavane-na-sobstvenici-na-odarzhaveni-imoti,"ЗАКОН за обезщетяване на собственици на одържавени имоти",4,true,2024-08-20,2026-01-01,,,laws/zakon-za-obezshtetyavane-na-sobstvenici-na-odarzhaveni-imoti.json
10386,4114,zakon-za-osobenite-zalozi,"ЗАКОН за особените залози",4,true,2024-05-10,2024-05-10,,,laws/zakon-za-osobenite-zalozi.json
10397,4116,zakon-za-notariusite-i-notarialnata-deynost-zagl-izm-dv-br-123-ot-1997-g,"ЗАКОН за нотариусите и нотариалната дейност (Загл. изм. - ДВ, бр. 123 от 1997 г.)",4,true,2023-10-06,2023-10-06,,,laws/zakon-za-notariusite-i-notarialnata-deynost-zagl-izm-dv-br-123-ot-1997-g.json
10436,4123,zakon-za-mestnite-danaci-i-taksi,"ЗАКОН за местните данъци и такси",4,true,2026-03-27,2026-01-01,,,laws/zakon-za-mestnite-danaci-i-taksi.json
10521,4134,naredba-zakon-za-amnistiya,"НАРЕДБА-ЗАКОН за амнистия",4,true,1945-07-25,1945-07-28,,,laws/naredba-zakon-za-amnistiya.json
10522,4135,talkuvatelna-naredba-zakon-na-zakonite-za-amnistii-ot-8-i-19091944-g,"ТЪЛКУВАТЕЛНА НАРЕДБА-ЗАКОН на законите за амнистии от 8 и 19.09.1944 г.",4,true,1945-02-15,1945-02-18,,,laws/talkuvatelna-naredba-zakon-na-zakonite-za-amnistii-ot-8-i-19091944-g.json
10523,4136,zakon-za-amnistiya-ot-1947-g,"ЗАКОН за амнистия от 1947 г.",4,true,1947-06-27,1947-06-30,,,laws/zakon-za-amnistiya-ot-1947-g.json
10530,4138,zakon-za-amnistiya-ot-1950-g,"ЗАКОН за амнистия от 1950 г.",4,true,1950-11-11,1950-11-14,,,laws/zakon-za-amnistiya-ot-1950-g.json
10539,4139,zakon-za-zdravoslovni-i-bezopasni-usloviya-na-trud,"ЗАКОН за здравословни и безопасни условия на труд",4,true,2024-03-29,2024-04-02,,,laws/zakon-za-zdravoslovni-i-bezopasni-usloviya-na-trud.json
10563,4141,zakon-za-mitnicite,"ЗАКОН за митниците",4,true,2026-02-10,2026-02-14,,,laws/zakon-za-mitnicite.json
10604,4168,zakon-za-zashtitenite-teritorii,"ЗАКОН за защитените територии",4,true,2023-12-08,2023-12-12,,,laws/zakon-za-zashtitenite-teritorii.json
10616,4177,zakon-za-urezhdane-pravata-na-kupuvachi-na-nedvizhimi-imoti-s-chastni-dogovori,"ЗАКОН за уреждане правата на купувачи на недвижими имоти с частни договори",4,true,1947-07-26,1947-07-26,,,laws/zakon-za-urezhdane-pravata-na-kupuvachi-na-nedvizhimi-imoti-s-chastni-dogovori.json
10629,4185,naredba-zakon-za-zapazvane-na-balgarskoto-podanstvo-ot-lica-napusnali-stranata-poradi-presledvane-ot-vlastta,"НАРЕДБА-ЗАКОН за запазване на българското поданство от лица, напуснали страната поради преследване от властта",4,true,1945-10-03,1945-10-06,,,laws/naredba-zakon-za-zapazvane-na-balgarskoto-podanstvo-ot-lica-napusnali-stranata-poradi-presledvane-ot-vlastta.json
10634,4187,naredba-zakon-za-pravata-na-treti-lica-pri-konfiskaciya-na-imushtestva-postanovena-ot-narodniya-sad,"НАРЕДБА-ЗАКОН за правата на трети лица при конфискация на имущества, постановена от народния съд",4,true,1945-04-30,1945-05-03,,,laws/naredba-zakon-za-pravata-na-treti-lica-pri-konfiskaciya-na-imushtestva-postanovena-ot-narodniya-sad.json
10635,4188,naredba-zakon-za-privezhdane-v-izpalnenie-na-konfiskaciite-postanoveni-ot-narodniya-sad,"НАРЕДБА-ЗАКОН за привеждане в изпълнение на конфискациите, постановени от народния съд",4,true,1945-04-30,1945-05-03,,,laws/naredba-zakon-za-privezhdane-v-izpalnenie-na-konfiskaciite-postanoveni-ot-narodniya-sad.json
10638,4189,naredba-zakon-za-sadene-ot-naroden-sad-vinovnicite-za-vavlichane-balgariya-v-svetovnata-voyna-sreshtu-sayuzenite-narodi-,"НАРЕДБА-ЗАКОН за съдене от народен съд виновниците за въвличане България в световната война срещу съюзените народи и за злодеянията, свързани с нея",4,true,1945-01-12,1945-01-15,,,laws/naredba-zakon-za-sadene-ot-naroden-sad-vinovnicite-za-vavlichane-balgariya-v-svetovnata-voyna-sreshtu-sayuzenite-narodi-.json
10647,4192,zakon-za-balgarskoto-grazhdanstvo,"ЗАКОН за българското гражданство",4,true,2025-07-29,2026-01-31,,,laws/zakon-za-balgarskoto-grazhdanstvo.json
10660,4193,zakon-za-radioto-i-televiziyata,"ЗАКОН за радиото и телевизията",4,true,2026-02-10,2026-02-14,,,laws/zakon-za-radioto-i-televiziyata.json
10663,4195,zakon-za-veteranite-ot-voynite-na-republika-balgariya-zagl-dop-dv-br-105-ot-2016-g,"ЗАКОН за ветераните от войните на Република България (Загл. доп. - ДВ, бр. 105 от 2016 г.)",4,true,2016-12-30,2017-01-03,,,laws/zakon-za-veteranite-ot-voynite-na-republika-balgariya-zagl-dop-dv-br-105-ot-2016-g.json
10697,4197,zakon-za-chuzhdencite-v-republika-balgariya,"ЗАКОН за чужденците в Република България",4,true,2025-06-27,2025-07-01,,,laws/zakon-za-chuzhdencite-v-republika-balgariya.json
10710,4201,zakon-za-urezhdane-pravata-na-grazhdani-s-mnogogodishni-zhilishtno-spestovni-vlogove-zagl-izm-dv-br-100-ot-2008-g-v-sila,"ЗАКОН за уреждане правата на граждани с многогодишни жилищно-спестовни влогове (Загл. изм. - ДВ, бр. 100 от 2008 г., в сила от 21.11.2008 г.)",4,true,2022-03-04,2022-03-04,,,laws/zakon-za-urezhdane-pravata-na-grazhdani-s-mnogogodishni-zhilishtno-spestovni-vlogove-zagl-izm-dv-br-100-ot-2008-g-v-sila.json
10716,4203,zakon-za-otgovornostta-na-darzhavata-i-obshtinite-za-vredi-zagl-izm-dv-br-30-ot-2006-g,"ЗАКОН за отговорността на държавата и общините за вреди (Загл. изм. - ДВ, бр. 30 от 2006 г.)",4,true,2026-02-10,2026-02-14,,,laws/zakon-za-otgovornostta-na-darzhavata-i-obshtinite-za-vredi-zagl-izm-dv-br-30-ot-2006-g.json
10833,4237,zakon-za-arbitrazha-zagl-izm-dv-br-63-ot-2025-g-v-sila-ot-1082025-g,"ЗАКОН за арбитража (Загл. изм. – ДВ, бр. 63 от 2025 г., в сила от 1.08.2025 г.)",4,true,2025-10-17,2025-10-21,,,laws/zakon-za-arbitrazha-zagl-izm-dv-br-63-ot-2025-g-v-sila-ot-1082025-g.json
10920,4248,zakon-za-patentite-i-registraciyata-na-poleznite-modeli-zagl-izm-dv-br-64-ot-2006-g,"ЗАКОН за патентите и регистрацията на полезните модели (Загл. изм. - ДВ, бр. 64 от 2006 г.)",4,true,2026-03-06,2026-03-06,,,laws/zakon-za-patentite-i-registraciyata-na-poleznite-modeli-zagl-izm-dv-br-64-ot-2006-g.json
10925,4250,zakon-za-politicheska-i-grazhdanska-reabilitaciya-na-represirani-lica,"ЗАКОН за политическа и гражданска реабилитация на репресирани лица",4,true,2023-01-25,2023-01-29,,,laws/zakon-za-politicheska-i-grazhdanska-reabilitaciya-na-represirani-lica.json
10978,4264,zakon-za-sabraniyata-mitingite-i-manifestaciite,"ЗАКОН за събранията, митингите и манифестациите",4,true,2019-07-02,2019-07-06,,,laws/zakon-za-sabraniyata-mitingite-i-manifestaciite.json
10997,4270,zakon-za-urezhdane-pravata-na-licata-koito-sa-zaeli-ili-poluchili-darzhavni-dvorni-mesta,"ЗАКОН за уреждане правата на лицата, които са заели или получили държавни дворни места",4,true,1956-11-09,1956-11-12,,,laws/zakon-za-urezhdane-pravata-na-licata-koito-sa-zaeli-ili-poluchili-darzhavni-dvorni-mesta.json
11019,4276,zakon-za-kontrol-varhu-narkotichnite-veshtestva-i-prekursorite,"ЗАКОН за контрол върху наркотичните вещества и прекурсорите",4,true,2024-05-10,2024-05-10,,,laws/zakon-za-kontrol-varhu-narkotichnite-veshtestva-i-prekursorite.json
11037,4286,zakon-za-zakrila-i-razvitie-na-kulturata,"ЗАКОН за закрила и развитие на културата",4,true,2026-02-10,2026-02-14,,,laws/zakon-za-zakrila-i-razvitie-na-kulturata.json
11071,4293,zakon-za-statistikata,"ЗАКОН за статистиката",4,true,2026-02-10,2026-02-14,,,laws/zakon-za-statistikata.json
11100,4320,zakon-za-denominaciya-na-leva,"ЗАКОН за деноминация на лева",4,true,2024-08-20,2026-01-01,,,laws/zakon-za-denominaciya-na-leva.json
11110,4321,zakon-za-dvizhenieto-po-patishtata,"ЗАКОН за движението по пътищата",4,true,2026-02-27,2026-03-03,,,laws/zakon-za-dvizhenieto-po-patishtata.json
11116,4322,zakon-za-podzemnite-bogatstva,"ЗАКОН за подземните богатства",4,true,2025-11-07,2026-02-09,,,laws/zakon-za-podzemnite-bogatstva.json
11141,4329,zakon-za-lechebnite-zavedeniya,"ЗАКОН за лечебните заведения",4,true,2025-09-09,2025-09-13,,,laws/zakon-za-lechebnite-zavedeniya.json
11162,4336,zakon-za-promishleniya-dizayn,"ЗАКОН за промишления дизайн",4,true,2026-03-06,2026-03-06,,,laws/zakon-za-promishleniya-dizayn.json
11163,4337,zakon-za-topologiyata-na-integralnite-shemi,"ЗАКОН за топологията на интегралните схеми",4,true,2026-03-06,2026-03-06,,,laws/zakon-za-topologiyata-na-integralnite-shemi.json
11169,4339,zakon-za-avtomobilnite-prevozi,"ЗАКОН за автомобилните превози",4,true,2026-04-01,2026-04-16,,,laws/zakon-za-avtomobilnite-prevozi.json
11180,4345,valuten-zakon,"ВАЛУТЕН ЗАКОН",4,true,2025-06-17,2025-06-17,,,laws/valuten-zakon.json
11186,4346,zakon-za-malkite-i-srednite-predpriyatiya,"ЗАКОН за малките и средните предприятия",4,true,2025-05-27,2025-05-27,,,laws/zakon-za-malkite-i-srednite-predpriyatiya.json
11198,4349,zakon-za-tehnicheskite-iziskvaniya-kam-produktite,"ЗАКОН за техническите изисквания към продуктите",4,true,2026-02-03,2026-02-03,,,laws/zakon-za-tehnicheskite-iziskvaniya-kam-produktite.json
11221,4370,zakon-za-selskostopanskata-akademiya-zagl-izm-dv-br-43-ot-2008-g,"ЗАКОН за Селскостопанската академия (Загл. изм. - ДВ, бр. 43 от 2008 г.)",4,true,2023-12-08,2023-12-12,,,laws/zakon-za-selskostopanskata-akademiya-zagl-izm-dv-br-43-ot-2008-g.json
11225,4371,zakon-za-kooperaciite,"ЗАКОН за кооперациите",4,true,2018-05-22,2018-05-22,,,laws/zakon-za-kooperaciite.json
11243,4378,zakon-za-publichnoto-predlagane-na-cenni-knizha,"ЗАКОН за публичното предлагане на ценни книжа",4,true,2026-03-10,2026-03-14,,,laws/zakon-za-publichnoto-predlagane-na-cenni-knizha.json
11276,4401,zakon-za-konstitucionen-sad,"ЗАКОН за Конституционен съд",4,true,2014-03-05,2014-03-05,,,laws/zakon-za-konstitucionen-sad.json
11290,4406,zakon-za-tyutyuna-tyutyunevite-i-svarzanite-s-tyah-izdeliya-zagl-izm-dv-br-28-ot-2016-g-v-sila-ot-8042016-g,"ЗАКОН за тютюна, тютюневите и свързаните с тях изделия (Загл. изм. – ДВ, бр. 28 от 2016 г., в сила от 8.04.2016 г.)",4,true,2026-02-03,2026-02-03,,,laws/zakon-za-tyutyuna-tyutyunevite-i-svarzanite-s-tyah-izdeliya-zagl-izm-dv-br-28-ot-2016-g-v-sila-ot-8042016-g.json
11303,4407,zakon-za-urezhdane-na-neobsluzhvanite-krediti-dogovoreni-do-31-dekemvri-1990-g,"ЗАКОН за уреждане на необслужваните кредити, договорени до 31 декември 1990 г.",4,true,2019-10-08,2019-10-12,,,laws/zakon-za-urezhdane-na-neobsluzhvanite-krediti-dogovoreni-do-31-dekemvri-1990-g.json
11304,4408,zakon-za-konsultativen-savet-za-nacionalna-sigurnost,"ЗАКОН за Консултативен съвет за национална сигурност",4,true,2015-08-11,2015-11-01,,,laws/zakon-za-konsultativen-savet-za-nacionalna-sigurnost.json
11412,4477,zakon-za-administrativno-teritorialnoto-ustroystvo-na-republika-balgariya,"ЗАКОН за административно-териториалното устройство на Република България",4,true,2023-12-08,2023-12-12,,,laws/zakon-za-administrativno-teritorialnoto-ustroystvo-na-republika-balgariya.json
11430,4479,zakon-za-teritorialnoto-delenie-na-stolichnata-obshtina-i-golemite-gradove,"ЗАКОН за териториалното деление на столичната община и големите градове",4,true,2018-04-10,2018-04-14,,,laws/zakon-za-teritorialnoto-delenie-na-stolichnata-obshtina-i-golemite-gradove.json
11439,4482,zakon-za-balgarskiya-cherven-krast,"ЗАКОН за Българския Червен кръст",4,true,2020-07-07,2020-07-11,,,laws/zakon-za-balgarskiya-cherven-krast.json
11449,4484,zakon-za-darzhaven-vestnik,"ЗАКОН за ""Държавен вестник""",4,true,2023-12-30,2024-01-01,,,laws/zakon-za-darzhaven-vestnik.json
11492,4489,zakon-za-vissheto-obrazovanie,"ЗАКОН за висшето образование",4,true,2026-02-10,2026-02-14,,,laws/zakon-za-vissheto-obrazovanie.json
11572,4497,zakon-za-opazvane-na-zemedelskite-zemi,"ЗАКОН за опазване на земеделските земи",4,true,2025-11-07,2026-02-09,,,laws/zakon-za-opazvane-na-zemedelskite-zemi.json
11591,4498,zakon-za-darzhavnata-sobstvenost,"ЗАКОН за държавната собственост",4,true,2025-09-09,2025-09-13,,,laws/zakon-za-darzhavnata-sobstvenost.json
11607,4499,zakon-za-obshtinskata-sobstvenost,"ЗАКОН за общинската собственост",4,true,2021-02-26,2021-03-02,,,laws/zakon-za-obshtinskata-sobstvenost.json
11615,4500,zakon-za-chistotata-na-atmosferniya-vazduh,"ЗАКОН за чистотата на атмосферния въздух",4,true,2025-09-23,2025-09-23,,,laws/zakon-za-chistotata-na-atmosferniya-vazduh.json
11649,4508,zakon-za-arendata-v-zemedelieto,"ЗАКОН за арендата в земеделието",4,true,2023-12-08,2023-12-12,,,laws/zakon-za-arendata-v-zemedelieto.json
11655,4509,zakon-za-zakrila-na-novite-sortove-rasteniya-i-porodi-zhivotni,"ЗАКОН за закрила на новите сортове растения и породи животни",4,true,2026-03-06,2026-03-06,,,laws/zakon-za-zakrila-na-novite-sortove-rasteniya-i-porodi-zhivotni.json
11677,4511,zakon-za-narodnite-chitalishta,"ЗАКОН за народните читалища",4,true,2026-02-10,2026-02-14,,,laws/zakon-za-narodnite-chitalishta.json
11684,4512,zakon-za-stokovite-borsi-i-tarzhishtata,"ЗАКОН за стоковите борси и тържищата",4,true,2026-02-10,2026-02-14,,,laws/zakon-za-stokovite-borsi-i-tarzhishtata.json
11692,4517,zakon-za-nacionalniya-daritelski-fond-13-veka-balgariya,"ЗАКОН за Националния дарителски фонд ""13 века България""",4,true,2026-02-10,2026-02-14,,,laws/zakon-za-nacionalniya-daritelski-fond-13-veka-balgariya.json
11714,4536,zakon-za-elektronniya-dokument-i-elektronnite-udostoveritelni-uslugi-zagl-izm-dv-br-85-ot-2017-g,"ЗАКОН за електронния документ и електронните удостоверителни услуги (Загл. изм. - ДВ, бр. 85 от 2017 г.)",4,true,2019-07-23,2020-10-01,,,laws/zakon-za-elektronniya-dokument-i-elektronnite-udostoveritelni-uslugi-zagl-izm-dv-br-85-ot-2017-g.json
11716,4537,zakon-za-sdruzheniya-za-napoyavane,"ЗАКОН за сдружения за напояване",4,true,2023-12-08,2023-12-12,,,laws/zakon-za-sdruzheniya-za-napoyavane.json
11728,4545,zakon-za-ikonomicheski-i-socialen-savet,"ЗАКОН за Икономически и социален съвет",4,true,2024-05-10,2024-05-10,,,laws/zakon-za-ikonomicheski-i-socialen-savet.json
11735,4552,zakon-za-ribarstvoto-i-akvakulturite,"ЗАКОН за рибарството и аквакултурите",4,true,2026-02-10,2026-02-14,,,laws/zakon-za-ribarstvoto-i-akvakulturite.json
11743,4558,zakon-za-zanayatite,"ЗАКОН за занаятите",4,true,2025-08-01,2025-08-01,,,laws/zakon-za-zanayatite.json
11854,4646,zakon-za-vazstanovyavane-na-sobstvenostta-varhu-gorite-i-zemite-ot-gorskiya-fond,"ЗАКОН за възстановяване на собствеността върху горите и земите от горския фонд",4,true,2023-12-08,2023-12-12,,,laws/zakon-za-vazstanovyavane-na-sobstvenostta-varhu-gorite-i-zemite-ot-gorskiya-fond.json
11873,4651,zakon-za-darzhavniya-pechat-i-nacionalnoto-zname-na-republika-balgariya,"ЗАКОН за държавния печат и националното знаме на Република България",4,true,2018-12-29,2019-01-01,,,laws/zakon-za-darzhavniya-pechat-i-nacionalnoto-zname-na-republika-balgariya.json
11898,4658,zakon-za-socialno-podpomagane,"ЗАКОН за социално подпомагане",4,true,2026-03-27,2026-03-27,,,laws/zakon-za-socialno-podpomagane.json
11914,4661,zakon-za-podpomagane-na-zemedelskite-proizvoditeli,"ЗАКОН за подпомагане на земеделските производители",4,true,2026-03-06,2026-03-10,,,laws/zakon-za-podpomagane-na-zemedelskite-proizvoditeli.json
11920,4665,zakon-za-eksportnoto-zastrahovane,"ЗАКОН за експортното застраховане",4,true,2024-05-10,2024-05-10,,,laws/zakon-za-eksportnoto-zastrahovane.json
11950,4667,zakon-za-zdravnoto-osiguryavane,"ЗАКОН за здравното осигуряване",4,true,2026-02-10,2026-02-14,,,laws/zakon-za-zdravnoto-osiguryavane.json
11959,4672,zakon-za-registraciya-i-kontrol-na-zemedelskata-i-gorskata-tehnika,"ЗАКОН за регистрация и контрол на земеделската и горската техника",4,true,2023-12-08,2023-12-12,,,laws/zakon-za-registraciya-i-kontrol-na-zemedelskata-i-gorskata-tehnika.json
11963,4675,zakon-za-saslovnite-organizacii-na-lekarite-i-na-lekarite-po-dentalna-medicina-zagl-izm-dv-br-76-ot-2005-g,"ЗАКОН за съсловните организации на лекарите и на лекарите по дентална медицина  (Загл. изм. - ДВ, бр. 76 от 2005 г.)",4,true,2020-10-02,2020-09-30,,,laws/zakon-za-saslovnite-organizacii-na-lekarite-i-na-lekarite-po-dentalna-medicina-zagl-izm-dv-br-76-ot-2005-g.json
11996,4680,zakon-za-balgarskite-lichni-dokumenti-zagl-izm-dv-br-82-ot-2009-g,"ЗАКОН за българските лични документи (Загл. изм. - ДВ, бр. 82 от 2009 г.)",4,true,2025-06-27,2025-07-01,,,laws/zakon-za-balgarskite-lichni-dokumenti-zagl-izm-dv-br-82-ot-2009-g.json
12031,4699,zakon-za-administraciyata,"ЗАКОН за администрацията",4,true,2026-03-27,2026-03-31,,,laws/zakon-za-administraciyata.json
12054,4703,zakon-za-vodite,"ЗАКОН за водите",4,true,2025-07-04,2025-07-08,,,laws/zakon-za-vodite.json
12066,4705,zakon-za-grazhdanskata-registraciya,"ЗАКОН за гражданската регистрация",4,true,2024-10-08,2024-10-08,,,laws/zakon-za-grazhdanskata-registraciya.json
12074,4706,zakon-za-darzhavniya-sluzhitel,"ЗАКОН за държавния служител",4,true,2026-02-10,2026-02-14,,,laws/zakon-za-darzhavniya-sluzhitel.json
12091,4708,zakon-za-profesionalnoto-obrazovanie-i-obuchenie,"ЗАКОН за професионалното образование и обучение",4,true,2026-02-10,2026-02-14,,,laws/zakon-za-profesionalnoto-obrazovanie-i-obuchenie.json
12098,4715,zakon-za-zabrana-na-himicheskoto-orazhie-i-za-kontrol-na-toksichnite-himicheski-veshtestva-i-tehnite-prekursori,"ЗАКОН за забрана на химическото оръжие и за контрол на токсичните химически вещества и техните прекурсори",4,true,2024-05-10,2024-05-10,,,laws/zakon-za-zabrana-na-himicheskoto-orazhie-i-za-kontrol-na-toksichnite-himicheski-veshtestva-i-tehnite-prekursori.json
12102,4716,zakon-za-zashtita-ot-vrednoto-vazdeystvie-na-himichnite-veshtestva-i-smesi-zagl-izm-dv-br-114-ot-2003-g-br-63-ot-2010-g-,"ЗАКОН за защита от вредното въздействие на химичните вещества и смеси (Загл. изм. - ДВ, бр. 114 от 2003 г., бр. 63 от 2010 г., в сила от 13.08.2010 г.)",4,true,2026-02-03,2026-02-03,,,laws/zakon-za-zashtita-ot-vrednoto-vazdeystvie-na-himichnite-veshtestva-i-smesi-zagl-izm-dv-br-114-ot-2003-g-br-63-ot-2010-g-.json
12108,4718,zakon-za-morskite-prostranstva-vatreshnite-vodni-patishta-i-pristanishtata-na-republika-balgariya,"ЗАКОН за морските пространства, вътрешните водни пътища и пристанищата на Република България",4,true,2025-09-23,2025-09-27,,,laws/zakon-za-morskite-prostranstva-vatreshnite-vodni-patishta-i-pristanishtata-na-republika-balgariya.json
12123,4725,zakon-za-patishtata,"ЗАКОН за пътищата",4,true,2025-08-05,2025-09-07,,,laws/zakon-za-patishtata.json
12126,4726,zakon-za-lechebnite-rasteniya,"ЗАКОН за лечебните растения",4,true,2023-12-08,2023-12-12,,,laws/zakon-za-lechebnite-rasteniya.json
12130,4730,zakon-za-balgarite-zhiveeshti-izvan-republika-balgariya,"ЗАКОН за българите, живеещи извън Република България",4,true,2024-05-01,2024-05-05,,,laws/zakon-za-balgarite-zhiveeshti-izvan-republika-balgariya.json
12135,4735,zakon-za-darzhavniya-protokol,"ЗАКОН за държавния протокол",4,true,2015-08-11,2015-11-01,,,laws/zakon-za-darzhavniya-protokol.json
12139,4736,zakon-za-kadastara-i-imotniya-registar,"ЗАКОН за кадастъра и имотния регистър",4,true,2025-11-07,2026-02-09,,,laws/zakon-za-kadastara-i-imotniya-registar.json
12160,4746,zakon-za-zakrila-na-deteto,"ЗАКОН за закрила на детето",4,true,2026-02-27,2026-03-03,,,laws/zakon-za-zakrila-na-deteto.json
12168,4752,zakon-za-dostap-do-obshtestvena-informaciya,"ЗАКОН за достъп до обществена информация",4,true,2026-02-10,2026-02-14,,,laws/zakon-za-dostap-do-obshtestvena-informaciya.json
12185,4762,zakon-za-poshtenskite-uslugi,"ЗАКОН за пощенските услуги",4,true,2025-10-03,2025-10-07,,,laws/zakon-za-poshtenskite-uslugi.json
12188,4764,zakon-za-zhivotnovadstvoto,"ЗАКОН за животновъдството",4,true,2023-12-08,2023-12-12,,,laws/zakon-za-zhivotnovadstvoto.json
12192,4765,zakon-za-lova-i-opazvane-na-divecha,"ЗАКОН за лова и опазване на дивеча",4,true,2023-12-08,2023-12-12,,,laws/zakon-za-lova-i-opazvane-na-divecha.json
12199,4767,zakon-za-yuridicheskite-lica-s-nestopanska-cel,"ЗАКОН за юридическите лица с нестопанска цел",4,true,2025-06-17,2025-06-21,,,laws/zakon-za-yuridicheskite-lica-s-nestopanska-cel.json
12224,4783,zakon-za-zhelezopatniya-transport,"ЗАКОН за железопътния транспорт",4,true,2026-04-01,2026-04-16,,,laws/zakon-za-zhelezopatniya-transport.json
193739,40521,zakon-za-administrativnoto-regulirane-na-proizvodstvoto-na-optichni-diskove-i-matrici-zagl-izm-dv-br-26-ot-2020-g,"ЗАКОН за административното регулиране на производството на оптични дискове и матрици (Загл. изм. – ДВ, бр. 26 от 2020 г.)",4,true,2025-11-07,2026-02-09,,,laws/zakon-za-administrativnoto-regulirane-na-proizvodstvoto-na-optichni-diskove-i-matrici-zagl-izm-dv-br-26-ot-2020-g.json
193740,40522,zakon-za-zashtita-ot-shuma-v-okolnata-sreda,"ЗАКОН за защита от шума в околната среда",4,true,2020-11-27,2020-11-27,,,laws/zakon-za-zashtita-ot-shuma-v-okolnata-sreda.json
195169,4402,zakon-za-pravnata-pomosht,"ЗАКОН за правната помощ",4,true,2026-02-10,2026-02-14,,,laws/zakon-za-pravnata-pomosht.json
198384,40372,zakon-za-veterinarnomedicinskata-deynost,"ЗАКОН за ветеринарномедицинската дейност",4,true,2024-05-10,2024-05-10,,,laws/zakon-za-veterinarnomedicinskata-deynost.json
198584,40373,zakon-za-nacionalnata-standartizaciya,"ЗАКОН за националната стандартизация",4,true,2026-02-10,2026-02-14,,,laws/zakon-za-nacionalnata-standartizaciya.json
199306,40525,zakon-za-akcizite-i-danachnite-skladove,"ЗАКОН за акцизите и данъчните складове",4,true,2025-07-04,2026-01-01,,,laws/zakon-za-akcizite-i-danachnite-skladove.json
202063,40527,zakon-za-zashtita-na-potrebitelite,"ЗАКОН за защита на потребителите",4,true,2026-03-06,2026-03-06,,,laws/zakon-za-zashtita-na-potrebitelite.json
202239,40530,zakon-za-nacionalnata-akreditaciya-na-organi-za-ocenyavane-na-saotvetstvieto-zagl-izm-dv-br-41-ot-2010-g-v-sila-ot-10620,"ЗАКОН за националната акредитация на органи за оценяване на съответствието (Загл. изм. - ДВ, бр. 41 от 2010 г., в сила от 1.06.2010 г.)",4,true,2026-02-10,2026-02-14,,,laws/zakon-za-nacionalnata-akreditaciya-na-organi-za-ocenyavane-na-saotvetstvieto-zagl-izm-dv-br-41-ot-2010-g-v-sila-ot-10620.json
202777,40539,zakon-za-preminavaneto-prez-i-prebivavaneto-na-teritoriyata-na-republika-balgariya-na-sayuznicheski-i-na-chuzhdi-vaorazh,"ЗАКОН за преминаването през и пребиваването на територията на Република България на съюзнически и на чужди въоръжени сили",4,true,2019-01-03,2019-01-07,,,laws/zakon-za-preminavaneto-prez-i-prebivavaneto-na-teritoriyata-na-republika-balgariya-na-sayuznicheski-i-na-chuzhdi-vaorazh.json
202912,40542,zakon-za-mecenatstvoto,"ЗАКОН за меценатството",4,true,2020-08-04,2020-08-08,,,laws/zakon-za-mecenatstvoto.json
206316,82304,naredba-zakon-za-trudovi-kooperativni-zemedelski-stopanstva,"НАРЕДБА-ЗАКОН за трудови кооперативни земеделски стопанства",4,true,1945-04-25,1945-04-29,,,laws/naredba-zakon-za-trudovi-kooperativni-zemedelski-stopanstva.json
212173,40564,zakon-za-finansovoto-upravlenie-i-kontrol-v-publichniya-sektor,"ЗАКОН за финансовото управление и контрол в публичния сектор",4,true,2020-03-24,2020-03-13,,,laws/zakon-za-finansovoto-upravlenie-i-kontrol-v-publichniya-sektor.json
214129,40570,zakon-za-vatreshniya-odit-v-publichniya-sektor,"ЗАКОН за вътрешния одит в публичния сектор",4,true,2024-09-17,2024-09-21,,,laws/zakon-za-vatreshniya-odit-v-publichniya-sektor.json
214771,40572,zakon-za-geodeziyata-i-kartografiyata,"ЗАКОН за геодезията и картографията",4,true,2025-11-07,2026-02-09,,,laws/zakon-za-geodeziyata-i-kartografiyata.json
216321,40574,zakon-za-darzhavnata-finansova-inspekciya,"ЗАКОН за държавната финансова инспекция",4,true,2024-02-06,2024-02-10,,,laws/zakon-za-darzhavnata-finansova-inspekciya.json
216746,40575,zakon-za-targovskiya-registar-i-registara-na-yuridicheskite-lica-s-nestopanska-cel-zagl-izm-dv-br-74-ot-2016-g-v-sila-ot,"ЗАКОН за търговския регистър и регистъра на юридическите лица с нестопанска цел (Загл. изм. – ДВ, бр. 74 от 2016 г., в сила от 1.01.2018 г.)",4,true,2026-03-10,2026-03-14,,,laws/zakon-za-targovskiya-registar-i-registara-na-yuridicheskite-lica-s-nestopanska-cel-zagl-izm-dv-br-74-ot-2016-g-v-sila-ot.json
224467,40582,zakon-za-elektronnata-targoviya,"ЗАКОН за електронната търговия",4,true,2026-02-03,2026-02-03,,,laws/zakon-za-elektronnata-targoviya.json
226543,40590,zakon-za-furazhite,"ЗАКОН за фуражите",4,true,2024-03-12,2024-03-16,,,laws/zakon-za-furazhite.json
227510,40592,zakon-za-informirane-i-konsultirane-s-rabotnicite-i-sluzhitelite-v-mnogonacionalni-predpriyatiya-grupi-predpriyatiya-i-e,"ЗАКОН за информиране и консултиране с работниците и служителите в многонационални предприятия, групи предприятия и европейски дружества",4,true,2017-11-21,2017-11-25,,,laws/zakon-za-informirane-i-konsultirane-s-rabotnicite-i-sluzhitelite-v-mnogonacionalni-predpriyatiya-grupi-predpriyatiya-i-e.json
227991,40594,zakon-za-priznavane-izpalnenie-postanovyavane-i-izprashtane-na-aktove-za-obezpechavane-na-imushtestvo-zagl-izm-dv-br-16-,"ЗАКОН за признаване, изпълнение, постановяване и изпращане на актове за обезпечаване на имущество (Загл. изм. - ДВ, бр. 16 от 2018 г., бр. 56 от 2022 г.)",4,true,2023-10-06,2023-10-06,,,laws/zakon-za-priznavane-izpalnenie-postanovyavane-i-izprashtane-na-aktove-za-obezpechavane-na-imushtestvo-zagl-izm-dv-br-16-.json
227992,40595,zakon-za-dopalnitelniya-nadzor-varhu-finansovite-konglomerati,"ЗАКОН за допълнителния надзор върху финансовите конгломерати",4,true,2026-03-10,2026-03-14,,,laws/zakon-za-dopalnitelniya-nadzor-varhu-finansovite-konglomerati.json
227993,40596,zakon-za-kreditnite-institucii,"ЗАКОН за кредитните институции",4,true,2026-03-10,2026-03-14,,,laws/zakon-za-kreditnite-institucii.json
230059,40606,zakon-za-danak-varhu-dobavenata-stoynost,"ЗАКОН за данък върху добавената стойност",4,true,2025-12-30,2026-01-01,,,laws/zakon-za-danak-varhu-dobavenata-stoynost.json
231744,40603,zakon-za-dogovorite-za-finansovo-obezpechenie-i-za-priklyuchvashtoto-netirane-zagl-dop-dv-br-67-ot-2025-g,"ЗАКОН за договорите за финансово обезпечение и за приключващото нетиране  (Загл. доп. – ДВ, бр. 67 от 2025 г.)",4,true,2025-08-15,2025-08-19,,,laws/zakon-za-dogovorite-za-finansovo-obezpechenie-i-za-priklyuchvashtoto-netirane-zagl-dop-dv-br-67-ot-2025-g.json
233637,40610,zakon-za-saslovnata-organizaciya-na-magistar-farmacevtite,"ЗАКОН за съсловната организация на магистър-фармацевтите",4,true,2020-10-02,2020-09-30,,,laws/zakon-za-saslovnata-organizaciya-na-magistar-farmacevtite.json
235645,40616,zakon-za-vlizaneto-prebivavaneto-i-napuskaneto-na-republika-balgariya-na-grazhdanite-na-evropeyskiya-sayuz-i-chlenovete-,"ЗАКОН за влизането, пребиваването и напускането на Република България на гражданите на Европейския съюз и членовете на техните семейства (Загл. доп. – ДВ, бр. 97 от 2016 г., изм., бр. 34 от 2019 г.)",4,true,2025-06-27,2025-07-01,,,laws/zakon-za-vlizaneto-prebivavaneto-i-napuskaneto-na-republika-balgariya-na-grazhdanite-na-evropeyskiya-sayuz-i-chlenovete-.json
241824,40640,zakon-za-danacite-varhu-dohodite-na-fizicheskite-lica,"ЗАКОН за данъците върху доходите на физическите лица",4,true,2026-03-27,2026-01-01,,,laws/zakon-za-danacite-varhu-dohodite-na-fizicheskite-lica.json
242120,40641,zakon-za-prilagane-na-obshtata-organizaciya-na-pazarite-na-zemedelski-produkti-na-evropeyskiya-sayuz-zagl-izm-dv-br-99-o,"ЗАКОН за прилагане на Общата организация на пазарите на земеделски продукти на Европейския съюз (Загл. изм. - ДВ, бр. 99 от 2013 г.)",4,true,2024-05-10,2024-05-10,,,laws/zakon-za-prilagane-na-obshtata-organizaciya-na-pazarite-na-zemedelski-produkti-na-evropeyskiya-sayuz-zagl-izm-dv-br-99-o.json
244897,40648,zakon-za-zashtita-pri-bedstviya,"ЗАКОН за защита при бедствия",4,true,2020-07-07,2020-07-11,,,laws/zakon-za-zashtita-pri-bedstviya.json
244898,40649,zakon-za-dostap-i-razkrivane-na-dokumentite-i-za-obyavyavane-na-prinadlezhnost-na-balgarski-grazhdani-kam-darzhavna-sigu,"ЗАКОН за достъп и разкриване на документите и за обявяване на принадлежност на български граждани към Държавна сигурност и разузнавателните служби на Българската народна армия",4,true,2026-03-10,2026-03-14,,,laws/zakon-za-dostap-i-razkrivane-na-dokumentite-i-za-obyavyavane-na-prinadlezhnost-na-balgarski-grazhdani-kam-darzhavna-sigu.json
245395,40652,zakon-za-predostavyane-na-finansovi-uslugi-ot-razstoyanie,"ЗАКОН за предоставяне на финансови услуги от разстояние",4,true,2026-02-03,2026-02-03,,,laws/zakon-za-predostavyane-na-finansovi-uslugi-ot-razstoyanie.json
245399,40656,zakon-za-korporativnoto-podohodno-oblagane,"ЗАКОН за корпоративното подоходно облагане",4,true,2026-03-27,2026-01-01,,,laws/zakon-za-korporativnoto-podohodno-oblagane.json
245401,40658,zakon-za-podpomagane-i-finansova-kompensaciya-na-postradali-ot-prestapleniya,"ЗАКОН за подпомагане и финансова компенсация на пострадали от престъпления",4,true,2023-10-06,2023-10-10,,,laws/zakon-za-podpomagane-i-finansova-kompensaciya-na-postradali-ot-prestapleniya.json
245403,40660,zakon-za-bezmitnata-targoviya,"ЗАКОН за безмитната търговия",4,true,2020-12-11,2021-01-01,,,laws/zakon-za-bezmitnata-targoviya.json
246263,40662,zakon-za-ustroystvoto-i-zastroyavaneto-na-stolichnata-obshtina,"ЗАКОН за устройството и застрояването на Столичната община",4,true,2022-08-02,2022-08-06,,,laws/zakon-za-ustroystvoto-i-zastroyavaneto-na-stolichnata-obshtina.json
246508,40663,zakon-za-kamarata-na-stroitelite,"ЗАКОН за Камарата на строителите",4,true,2019-03-26,2019-03-30,,,laws/zakon-za-kamarata-na-stroitelite.json
257405,40692,zakon-za-lekarstvenite-produkti-v-humannata-medicina,"ЗАКОН за лекарствените продукти в хуманната медицина",4,true,2026-02-10,2026-02-14,,,laws/zakon-za-lekarstvenite-produkti-v-humannata-medicina.json
261713,40702,zakon-za-elektronnite-saobshteniya,"ЗАКОН за електронните съобщения",4,true,2026-02-13,2026-02-17,,,laws/zakon-za-elektronnite-saobshteniya.json
263366,40706,zakon-za-elektronnoto-upravlenie,"ЗАКОН за електронното управление",4,true,2026-02-13,2026-02-17,,,laws/zakon-za-elektronnoto-upravlenie.json
263367,40707,zakon-za-medicinskite-izdeliya,"ЗАКОН за медицинските изделия",4,true,2026-02-03,2026-02-03,,,laws/zakon-za-medicinskite-izdeliya.json
263788,40708,zakon-za-ustroystvoto-na-chernomorskoto-kraybrezhie,"ЗАКОН за устройството на Черноморското крайбрежие",4,true,2025-07-29,2026-01-31,,,laws/zakon-za-ustroystvoto-na-chernomorskoto-kraybrezhie.json
266592,40714,zakon-za-nacionalniya-arhiven-fond,"ЗАКОН за Националния архивен фонд",4,true,2022-02-22,2022-02-22,,,laws/zakon-za-nacionalniya-arhiven-fond.json
268708,40720,naredba-zakon-za-urezhdane-imushtestvenite-posledici-ot-otmyanata-na-protivoevreyskite-zakoni,"НАРЕДБА-ЗАКОН за уреждане имуществените последици от отмяната на противоеврейските закони",4,true,1946-08-13,1946-08-17,,,laws/naredba-zakon-za-urezhdane-imushtestvenite-posledici-ot-otmyanata-na-protivoevreyskite-zakoni.json
268938,40730,zakon-za-sadebnata-vlast,"ЗАКОН за съдебната власт",4,true,2026-02-13,2026-02-17,,,laws/zakon-za-sadebnata-vlast.json
272076,40721,zakon-za-diplomaticheskata-sluzhba,"ЗАКОН за дипломатическата служба",4,true,2026-02-10,2026-02-14,,,laws/zakon-za-diplomaticheskata-sluzhba.json
274253,40736,zakon-za-saslovnata-organizaciya-na-veterinarnite-lekari-v-balgariya,"ЗАКОН за съсловната организация на ветеринарните лекари в България",4,true,2024-03-19,2024-03-23,,,laws/zakon-za-saslovnata-organizaciya-na-veterinarnite-lekari-v-balgariya.json
276479,40738,zakon-za-pochvite,"ЗАКОН за почвите",4,true,2023-12-08,2023-12-12,,,laws/zakon-za-pochvite.json
281324,40746,zakon-za-darzhavna-agenciya-nacionalna-sigurnost,"ЗАКОН за Държавна агенция ""Национална сигурност""",4,true,2026-02-10,2026-02-14,,,laws/zakon-za-darzhavna-agenciya-nacionalna-sigurnost.json
285903,40753,zakon-za-zashtita-na-zhivotnite,"ЗАКОН за защита на животните",4,true,2025-07-29,2025-07-29,,,laws/zakon-za-zashtita-na-zhivotnite.json
285905,40755,zakon-za-priznavane-na-profesionalni-kvalifikacii,"ЗАКОН за признаване на професионални квалификации",4,true,2025-08-08,2025-08-08,,,laws/zakon-za-priznavane-na-profesionalni-kvalifikacii.json
285906,40756,zakon-za-voennite-pametnici,"ЗАКОН за военните паметници",4,true,2017-08-01,2017-08-05,,,laws/zakon-za-voennite-pametnici.json
293693,40768,zakon-za-otgovornostta-za-predotvratyavane-i-otstranyavane-na-ekologichni-shteti,"ЗАКОН за отговорността за предотвратяване и отстраняване на екологични щети",4,true,2023-12-08,2023-12-12,,,laws/zakon-za-otgovornostta-za-predotvratyavane-i-otstranyavane-na-ekologichni-shteti.json
293694,40769,zakon-za-balgarskata-banka-za-razvitie,"ЗАКОН за Българската банка за развитие",4,true,2026-03-27,2026-03-27,,,laws/zakon-za-balgarskata-banka-za-razvitie.json
296758,40775,zakon-za-regionalnoto-razvitie,"ЗАКОН за регионалното развитие",4,true,2022-07-01,2022-07-01,,,laws/zakon-za-regionalnoto-razvitie.json
300040,4098,zakon-za-sobstvenostta-i-polzvaneto-na-zemedelskite-zemi-zagl-izm-dv-br-14-ot-2015-g,"ЗАКОН за собствеността и ползването на земеделските земи (Загл. изм. – ДВ, бр. 14 от 2015 г.)",4,true,2024-08-20,2024-08-24,,,laws/zakon-za-sobstvenostta-i-polzvaneto-na-zemedelskite-zemi-zagl-izm-dv-br-14-ot-2015-g.json
301352,4076,targovski-zakon,"ТЪРГОВСКИ ЗАКОН",4,true,2025-10-17,2025-10-21,,,laws/targovski-zakon.json
304035,40786,zakon-za-kreditirane-na-studenti-i-doktoranti,"ЗАКОН за кредитиране на студенти и докторанти",4,true,2026-01-23,2026-01-27,,,laws/zakon-za-kreditirane-na-studenti-i-doktoranti.json
317454,40799,zakon-za-urezhdane-na-nyakoi-trudovi-i-osiguritelni-prava-na-balgarski-grazhdani,"ЗАКОН за уреждане на някои трудови и осигурителни права на български граждани",4,true,2016-06-07,2016-06-11,,,laws/zakon-za-urezhdane-na-nyakoi-trudovi-i-osiguritelni-prava-na-balgarski-grazhdani.json
317457,40802,zakon-za-darzhavniya-fond-za-garantirane-ustoychivost-na-darzhavnata-pensionna-sistema,"ЗАКОН за Държавния фонд за гарантиране устойчивост на държавната пенсионна система",4,true,2017-12-28,2018-01-01,,,laws/zakon-za-darzhavniya-fond-za-garantirane-ustoychivost-na-darzhavnata-pensionna-sistema.json
319846,40803,zakon-za-nacionalnata-sistema-za-speshni-povikvaniya-s-edinen-evropeyski-nomer-112,"ЗАКОН за Националната система за спешни повиквания с единен европейски номер 112",4,true,2025-05-20,2025-05-20,,,laws/zakon-za-nacionalnata-sistema-za-speshni-povikvaniya-s-edinen-evropeyski-nomer-112.json
319847,40804,zakon-za-inspektirane-na-truda,"ЗАКОН за инспектиране на труда",4,true,2023-12-08,2023-12-12,,,laws/zakon-za-inspektirane-na-truda.json
319848,40808,zakon-za-zashtita-na-konkurenciyata,"ЗАКОН за защита на конкуренцията",4,true,2026-02-10,2026-02-14,,,laws/zakon-za-zashtita-na-konkurenciyata.json
326828,40814,zakon-za-upravlenie-na-etazhnata-sobstvenost,"ЗАКОН за управление на етажната собственост",4,true,2025-06-17,2025-06-17,,,laws/zakon-za-upravlenie-na-etazhnata-sobstvenost.json
334810,40829,zakon-za-transliteraciyata,"ЗАКОН за транслитерацията",4,true,2019-12-13,2019-12-17,,,laws/zakon-za-transliteraciyata.json
334811,40830,zakon-za-kulturnoto-nasledstvo,"ЗАКОН за културното наследство",4,true,2026-02-10,2026-02-14,,,laws/zakon-za-kulturnoto-nasledstvo.json
339588,40840,zakon-za-izpalnenie-na-nakazaniyata-i-zadarzhaneto-pod-strazha,"ЗАКОН за изпълнение на наказанията и задържането под стража",4,true,2026-02-10,2026-02-14,,,laws/zakon-za-izpalnenie-na-nakazaniyata-i-zadarzhaneto-pod-strazha.json
345375,40850,zakon-za-otbranata-i-vaorazhenite-sili-na-republika-balgariya,"ЗАКОН за отбраната и въоръжените сили на Република България",4,true,2026-02-10,2026-02-14,,,laws/zakon-za-otbranata-i-vaorazhenite-sili-na-republika-balgariya.json
350634,40847,zakon-za-obshtestvenite-biblioteki,"ЗАКОН за обществените библиотеки",4,true,2026-03-27,2026-03-31,,,laws/zakon-za-obshtestvenite-biblioteki.json
352307,40852,zakon-za-pryako-uchastie-na-grazhdanite-v-darzhavnata-vlast-i-mestnoto-samoupravlenie,"ЗАКОН за пряко участие на гражданите в държавната власт и местното самоуправление",4,true,2022-02-22,2022-02-22,,,laws/zakon-za-pryako-uchastie-na-grazhdanite-v-darzhavnata-vlast-i-mestnoto-samoupravlenie.json
394738,40884,zakon-za-priznavane-izpalnenie-i-izprashtane-na-aktove-za-konfiskaciya-ili-otnemane-i-resheniya-za-nalagane-na-finansovi,"ЗАКОН за признаване, изпълнение и изпращане на актове за конфискация или отнемане и решения за налагане на финансови санкции (Загл. изм. – ДВ, бр. 56 от 2022 г.)",4,true,2025-06-10,2025-06-14,,,laws/zakon-za-priznavane-izpalnenie-i-izprashtane-na-aktove-za-konfiskaciya-ili-otnemane-i-resheniya-za-nalagane-na-finansovi.json
394739,40885,zakon-za-deynostite-po-predostavyane-na-uslugi,"ЗАКОН за дейностите по предоставяне на услуги",4,true,2024-09-17,2024-09-21,,,laws/zakon-za-deynostite-po-predostavyane-na-uslugi.json
397061,40886,zakon-za-potrebitelskiya-kredit,"ЗАКОН за потребителския кредит",4,true,2026-02-03,2026-02-03,,,laws/zakon-za-potrebitelskiya-kredit.json
397759,40887,zakon-za-dostap-do-prostranstveni-danni,"ЗАКОН за достъп до пространствени данни",4,true,2022-02-22,2022-02-22,,,laws/zakon-za-dostap-do-prostranstveni-danni.json
411956,40898,zakon-za-razvitieto-na-akademichniya-sastav-v-republika-balgariya,"ЗАКОН за развитието на академичния състав в Република България",4,true,2022-12-23,2022-12-27,,,laws/zakon-za-razvitieto-na-akademichniya-sastav-v-republika-balgariya.json
436255,40917,zakon-za-orazhiyata-boepripasite-vzrivnite-veshtestva-i-pirotehnicheskite-izdeliya,"ЗАКОН за оръжията, боеприпасите, взривните вещества и пиротехническите изделия",4,true,2026-02-10,2026-02-14,,,laws/zakon-za-orazhiyata-boepripasite-vzrivnite-veshtestva-i-pirotehnicheskite-izdeliya.json
443712,40924,zakon-za-danak-varhu-zastrahovatelnite-premii,"ЗАКОН за данък върху застрахователните премии",4,true,2024-08-20,2024-08-24,,,laws/zakon-za-danak-varhu-zastrahovatelnite-premii.json
450136,40932,zakon-za-vazstanovyavane-na-nadvnesen-akciz-za-upotrebyavani-avtomobili,"ЗАКОН за възстановяване на надвнесен акциз за употребявани автомобили",4,true,2018-11-27,2019-01-07,,,laws/zakon-za-vazstanovyavane-na-nadvnesen-akciz-za-upotrebyavani-avtomobili.json
457203,40941,zakon-za-balgarskata-agenciya-po-bezopasnost-na-hranite,"ЗАКОН за Българската агенция по безопасност на храните",4,true,2023-12-08,2023-12-12,,,laws/zakon-za-balgarskata-agenciya-po-bezopasnost-na-hranite.json
461211,40949,zakon-za-ogranichavane-na-plashtaniyata-v-broy,"ЗАКОН за ограничаване на плащанията в брой",4,true,2024-08-27,2024-07-06,,,laws/zakon-za-ogranichavane-na-plashtaniyata-v-broy.json
462832,40953,zakon-za-gorite,"ЗАКОН за горите",4,true,2025-11-07,2026-02-09,,,laws/zakon-za-gorite.json
466973,40958,zakon-za-ustanovyavane-na-trudov-i-osiguritelen-stazh-po-sadeben-red,"ЗАКОН за установяване на трудов и осигурителен стаж по съдебен ред",4,true,2023-10-10,2025-06-01,,,laws/zakon-za-ustanovyavane-na-trudov-i-osiguritelen-stazh-po-sadeben-red.json
466974,40959,zakon-za-eksportniya-kontrol-na-produkti-svarzani-s-otbranata-i-na-izdeliya-i-tehnologii-s-dvoyna-upotreba,"ЗАКОН за експортния контрол на продукти, свързани с отбраната, и на изделия и технологии с двойна употреба",4,true,2024-05-10,2024-05-10,,,laws/zakon-za-eksportniya-kontrol-na-produkti-svarzani-s-otbranata-i-na-izdeliya-i-tehnologii-s-dvoyna-upotreba.json
471302,40963,zakon-za-predostavyane-na-pomosht-za-ozdravyavane-na-holding-balgarski-darzhavni-zheleznici-ead,"ЗАКОН за предоставяне на помощ за оздравяване на ""Холдинг Български държавни железници"" - ЕАД",4,true,2011-04-26,2011-04-26,,,laws/zakon-za-predostavyane-na-pomosht-za-ozdravyavane-na-holding-balgarski-darzhavni-zheleznici-ead.json
472678,40965,zakon-za-energiyata-ot-vazobnovyaemi-iztochnici,"ЗАКОН за енергията от възобновяеми източници",4,true,2025-11-14,2025-11-14,,,laws/zakon-za-energiyata-ot-vazobnovyaemi-iztochnici.json
473252,40006,zakon-za-ustroystvo-na-teritoriyata,"ЗАКОН за устройство на територията",4,true,2025-10-17,2025-10-21,,,laws/zakon-za-ustroystvo-na-teritoriyata.json
482179,40970,zakon-za-voennata-policiya,"ЗАКОН за военната полиция",4,true,2024-03-01,2024-03-05,,,laws/zakon-za-voennata-policiya.json
500237,40980,zakon-za-deynostta-na-kolektivnite-investicionni-shemi-i-na-drugi-predpriyatiya-za-kolektivno-investirane,"ЗАКОН за дейността на колективните инвестиционни схеми и на други предприятия за колективно инвестиране",4,true,2026-03-10,2026-03-14,,,laws/zakon-za-deynostta-na-kolektivnite-investicionni-shemi-i-na-drugi-predpriyatiya-za-kolektivno-investirane.json
514961,40988,zakon-za-balgarskata-telegrafna-agenciya,"ЗАКОН за Българската телеграфна агенция",4,true,2026-02-10,2026-02-14,,,laws/zakon-za-balgarskata-telegrafna-agenciya.json
527868,41001,zakon-za-sahranenie-na-vagleroden-dioksid-v-zemnite-nedra,"ЗАКОН за съхранение на въглероден диоксид в земните недра",4,true,2026-02-10,2026-02-14,,,laws/zakon-za-sahranenie-na-vagleroden-dioksid-v-zemnite-nedra.json
531942,41005,zakon-za-rezerva-na-vaorazhenite-sili-na-republika-balgariya,"ЗАКОН за резерва на въоръжените сили на Република България",4,true,2024-08-20,2024-08-24,,,laws/zakon-za-rezerva-na-vaorazhenite-sili-na-republika-balgariya.json
535942,41008,zakon-za-priznavane-izpalnenie-i-izprashtane-na-sadebni-resheniya-i-resheniya-za-probaciya-s-ogled-uprazhnyavane-na-nadz,"ЗАКОН за признаване, изпълнение и изпращане на съдебни решения и решения за пробация с оглед упражняване на надзор върху пробационните мерки и алтернативните санкции",4,true,2012-03-27,2012-04-28,,,laws/zakon-za-priznavane-izpalnenie-i-izprashtane-na-sadebni-resheniya-i-resheniya-za-probaciya-s-ogled-uprazhnyavane-na-nadz.json
536698,41009,zakon-za-hazarta,"ЗАКОН за хазарта",4,true,2025-06-17,2025-06-21,,,laws/zakon-za-hazarta.json
541457,41011,zakon-za-mladezhta,"ЗАКОН за младежта",4,true,2022-08-02,2022-08-02,,,laws/zakon-za-mladezhta.json
549449,41014,zakon-za-statistikata-na-vatresayuznata-targoviya-sas-stoki-zagl-izm-dv-br-61-ot-2022-g,"ЗАКОН за статистиката на вътресъюзната търговия със стоки (Загл. изм. – ДВ, бр. 61 от 2022 г.)",4,true,2022-08-02,2022-08-06,,,laws/zakon-za-statistikata-na-vatresayuznata-targoviya-sas-stoki-zagl-izm-dv-br-61-ot-2022-g.json
554180,41018,zakon-za-vinoto-i-spirtnite-napitki,"ЗАКОН за виното и спиртните напитки",4,true,2024-05-10,2024-05-10,,,laws/zakon-za-vinoto-i-spirtnite-napitki.json
559413,41026,zakon-za-upravlenie-na-otpadacite,"ЗАКОН за управление на отпадъците",4,true,2024-09-24,2024-09-24,,,laws/zakon-za-upravlenie-na-otpadacite.json
584400,41040,zakon-za-nagrazhdavane-na-lica-za-osobeni-zaslugi-kam-balgarskata-darzhava-i-naciyata,"ЗАКОН за награждаване на лица за особени заслуги към българската държава и нацията",4,true,2024-02-23,2024-02-23,,,laws/zakon-za-nagrazhdavane-na-lica-za-osobeni-zaslugi-kam-balgarskata-darzhava-i-naciyata.json
761516,41048,zakon-za-zapasite-ot-neft-i-neftoprodukti,"ЗАКОН за запасите от нефт и нефтопродукти",4,true,2025-10-17,2025-10-21,,,laws/zakon-za-zapasite-ot-neft-i-neftoprodukti.json
761517,41049,zakon-za-publichnite-finansi,"ЗАКОН за публичните финанси",4,true,2020-11-17,2020-11-17,,,laws/zakon-za-publichnite-finansi.json
1218662,41053,zakon-za-turizma,"ЗАКОН за туризма",4,true,2026-02-10,2026-02-14,,,laws/zakon-za-turizma.json
1355783,41059,zakona-za-darzhavena-kontrola-varhu-chastnite-zastrahovatelni-predpriyatiya,"ЗАКОНЪ за държавенъ контролъ върху частните застрахователни предприятия",4,true,1931-05-01,1931-05-05,,,laws/zakona-za-darzhavena-kontrola-varhu-chastnite-zastrahovatelni-predpriyatiya.json
1887419,41091,zakon-za-ikonomicheskite-i-finansovite-otnosheniya-s-druzhestvata-registrirani-v-yurisdikcii-s-preferencialen-danachen-r,"ЗАКОН за икономическите и финансовите отношения с дружествата, регистрирани в юрисдикции с преференциален данъчен режим, контролираните от тях лица и техните действителни собственици  (Загл. изм. – ДВ, бр. 48 от 2016 г., в сила от 1.07.2016 г.)",4,true,2024-09-17,2024-09-21,,,laws/zakon-za-ikonomicheskite-i-finansovite-otnosheniya-s-druzhestvata-registrirani-v-yurisdikcii-s-preferencialen-danachen-r.json
2011194,41266,zakon-za-ogranichavane-izmenenieto-na-klimata,"ЗАКОН за ограничаване изменението на климата",4,true,2026-02-10,2026-02-14,,,laws/zakon-za-ogranichavane-izmenenieto-na-klimata.json
2229939,41299,zakon-za-ministerstvoto-na-vatreshnite-raboti,"ЗАКОН за Министерството на вътрешните работи",4,true,2026-02-13,2026-02-17,,,laws/zakon-za-ministerstvoto-na-vatreshnite-raboti.json
2282752,41349,zakon-za-zashtita-na-rasteniyata,"ЗАКОН за защита на растенията",4,true,2026-02-03,2026-02-03,,,laws/zakon-za-zashtita-na-rasteniyata.json
2451195,41518,zakon-za-smetnata-palata,"ЗАКОН за Сметната палата",4,true,2026-02-10,2026-02-14,,,laws/zakon-za-smetnata-palata.json
2547151,41526,zakon-za-fiskalen-savet-i-avtomatichni-korektivni-mehanizmi,"ЗАКОН за Фискален съвет и автоматични корективни механизми",4,true,2026-02-10,2026-02-14,,,laws/zakon-za-fiskalen-savet-i-avtomatichni-korektivni-mehanizmi.json
2560203,41528,zakon-za-energiynata-efektivnost,"ЗАКОН за енергийната ефективност",4,true,2025-11-14,2025-11-14,,,laws/zakon-za-energiynata-efektivnost.json
2592197,41623,zakon-za-evropeyskata-zapoved-za-zashtita,"ЗАКОН за Европейската заповед за защита",4,true,2016-04-26,2016-05-27,,,laws/zakon-za-evropeyskata-zapoved-za-zashtita.json
2633924,41636,zakon-za-zakrivane-na-nacionalnata-sluzhba-po-zarnoto,"ЗАКОН за закриване на Националната служба по зърното",4,true,2015-07-28,2015-08-01,,,laws/zakon-za-zakrivane-na-nacionalnata-sluzhba-po-zarnoto.json
2643322,41640,zakon-za-nacionalnata-sluzhba-za-ohrana,"ЗАКОН за Националната служба за охрана",4,true,2026-02-10,2026-02-14,,,laws/zakon-za-nacionalnata-sluzhba-za-ohrana.json
2643325,41639,zakon-za-upravlenie-i-funkcionirane-na-sistemata-za-zashtita-na-nacionalnata-sigurnost,"ЗАКОН за управление и функциониране на системата за защита на националната сигурност",4,true,2025-11-04,2025-11-08,,,laws/zakon-za-upravlenie-i-funkcionirane-na-sistemata-za-zashtita-na-nacionalnata-sigurnost.json
2645760,41641,zakon-za-garantirane-na-vlogovete-v-bankite,"ЗАКОН за гарантиране на влоговете в банките",4,true,2026-02-10,2026-02-14,,,laws/zakon-za-garantirane-na-vlogovete-v-bankite.json
2645768,41642,zakon-za-vazstanovyavane-i-prestrukturirane-na-kreditni-institucii-i-investicionni-posrednici,"ЗАКОН за възстановяване и преструктуриране на кредитни институции и инвестиционни посредници",4,true,2026-03-10,2026-03-14,,,laws/zakon-za-vazstanovyavane-i-prestrukturirane-na-kreditni-institucii-i-investicionni-posrednici.json
2669542,41645,zakon-za-darzhavna-agenciya-razuznavane,"ЗАКОН за Държавна агенция ""Разузнаване""",4,true,2026-02-10,2026-02-14,,,laws/zakon-za-darzhavna-agenciya-razuznavane.json
2669543,41644,zakon-za-preduchilishtnoto-i-uchilishtnoto-obrazovanie,"ЗАКОН за предучилищното и училищното образование",4,true,2025-08-05,2025-09-15,,,laws/zakon-za-preduchilishtnoto-i-uchilishtnoto-obrazovanie.json
2689930,41657,zakon-za-voennoto-razuznavane,"ЗАКОН за военното разузнаване",4,true,2026-02-10,2026-02-14,,,laws/zakon-za-voennoto-razuznavane.json
2691084,41658,zakon-za-priemane-na-deklaraciya-po-chl-287-al-1-ot-konvenciyata-na-organizaciyata-na-obedinenite-nacii-po-morsko-pravo-,"ЗАКОН за приемане на Декларация по чл. 287, ал. 1 от Конвенцията на Организацията на обединените нации по морско право за признаване на юрисдикцията на Международния трибунал по морско право",4,true,2015-11-17,2015-11-17,,,laws/zakon-za-priemane-na-deklaraciya-po-chl-287-al-1-ot-konvenciyata-na-organizaciyata-na-obedinenite-nacii-po-morsko-pravo-.json
2707581,41663,zakon-za-izpalnenie-na-konvenciyata-po-kasetachnite-boepripasi-i-konvenciyata-za-zabranata-na-izpolzvaneto-skladiraneto-,"ЗАКОН за изпълнение на Конвенцията по касетъчните боеприпаси и Конвенцията за забраната на използването, складирането, производството и трансфера на противопехотни мини и за тяхното унищожаване",4,true,2024-05-10,2024-05-10,,,laws/zakon-za-izpalnenie-na-konvenciyata-po-kasetachnite-boepripasi-i-konvenciyata-za-zabranata-na-izpolzvaneto-skladiraneto-.json
2707582,41756,zakon-za-schetovodstvoto,"ЗАКОН за счетоводството",4,true,2026-03-27,2026-01-01,2026-03-10,,laws/zakon-za-schetovodstvoto.json
2719535,41762,zakon-za-upravlenie-na-sredstvata-ot-evropeyskite-fondove-pri-spodeleno-upravlenie-zagl-izm-dv-br-51-ot-2022-g-v-sila-ot,"ЗАКОН за управление на средствата от Европейските фондове при споделено управление (Загл. изм. – ДВ, бр. 51 от 2022 г., в сила от 1.07.2022 г.)",4,true,2026-02-10,2026-02-14,,,laws/zakon-za-upravlenie-na-sredstvata-ot-evropeyskite-fondove-pri-spodeleno-upravlenie-zagl-izm-dv-br-51-ot-2022-g-v-sila-ot.json
2752471,41765,zakon-za-obshtestvenite-porachki,"ЗАКОН за обществените поръчки",4,true,2026-02-10,2026-02-14,,,laws/zakon-za-obshtestvenite-porachki.json
2797996,41849,zakon-za-trudovata-migraciya-i-trudovata-mobilnost,"ЗАКОН за трудовата миграция и трудовата мобилност",4,true,2025-06-27,2025-07-01,,,laws/zakon-za-trudovata-migraciya-i-trudovata-mobilnost.json
2797997,41850,zakon-za-priznavane-izpalnenie-i-izprashtane-na-aktove-za-nalagane-na-merki-za-procesualna-prinuda-razlichni-ot-merkite-,"ЗАКОН за признаване, изпълнение и изпращане на актове за налагане на мерки за процесуална принуда, различни от мерките, изискващи задържане",4,true,2016-04-26,2016-05-27,,,laws/zakon-za-priznavane-izpalnenie-i-izprashtane-na-aktove-za-nalagane-na-merki-za-procesualna-prinuda-razlichni-ot-merkite-.json
2797999,41852,zakon-za-ravnopostavenost-na-zhenite-i-mazhete,"ЗАКОН за равнопоставеност на жените и мъжете",4,true,2016-04-26,2016-04-30,,,laws/zakon-za-ravnopostavenost-na-zhenite-i-mazhete.json
2817269,41857,zakon-za-elektronnata-identifikaciya,"ЗАКОН за електронната идентификация",4,true,2022-02-22,2022-02-22,,,laws/zakon-za-elektronnata-identifikaciya.json
2827962,41858,zakon-za-centara-za-ocenka-na-riska-po-hranitelnata-veriga,"ЗАКОН за Центъра за оценка на риска по хранителната верига",4,true,2024-03-19,2024-03-23,,,laws/zakon-za-centara-za-ocenka-na-riska-po-hranitelnata-veriga.json
2868733,41866,zakon-za-kreditite-za-nedvizhimi-imoti-na-potrebiteli,"ЗАКОН за кредитите за недвижими имоти на потребители",4,true,2026-02-03,2026-02-03,,,laws/zakon-za-kreditite-za-nedvizhimi-imoti-na-potrebiteli.json
2917968,41877,zakon-za-predostavyane-na-pomosht-za-izplashtane-na-zadalzheniya-na-nacionalna-elektricheska-kompaniya-ead,"ЗАКОН за предоставяне на помощ за изплащане на задължения на ""Национална електрическа компания"" – ЕАД",4,true,2016-09-30,2016-09-30,,,laws/zakon-za-predostavyane-na-pomosht-za-izplashtane-na-zadalzheniya-na-nacionalna-elektricheska-kompaniya-ead.json
2917969,41878,zakon-za-prilagane-na-merkite-sreshtu-pazarnite-zloupotrebi-s-finansovi-instrumenti,"ЗАКОН за прилагане на мерките срещу пазарните злоупотреби с финансови инструменти",4,true,2026-03-10,2026-03-14,,,laws/zakon-za-prilagane-na-merkite-sreshtu-pazarnite-zloupotrebi-s-finansovi-instrumenti.json
2922114,41887,zakon-za-ogranichavane-noseneto-na-obleklo-prikrivashto-ili-skrivashto-liceto,"ЗАКОН за ограничаване носенето на облекло, прикриващо или скриващо лицето",4,true,2016-10-11,2016-10-15,,,laws/zakon-za-ogranichavane-noseneto-na-obleklo-prikrivashto-ili-skrivashto-liceto.json
2972115,41891,zakon-za-nezavisimiya-finansov-odit-i-izrazyavaneto-na-sigurnost-po-ustoychivostta-zagl-dop-dv-br-79-ot-2024-g,"ЗАКОН за независимия финансов одит и изразяването на сигурност по устойчивостта (Загл. доп. – ДВ, бр. 79 от 2024 г.)",4,true,2026-03-10,2026-03-14,,,laws/zakon-za-nezavisimiya-finansov-odit-i-izrazyavaneto-na-sigurnost-po-ustoychivostta-zagl-dop-dv-br-79-ot-2024-g.json
3000866,42144,zakon-za-protivodeystvie-na-terorizma,"ЗАКОН за противодействие на тероризма",4,true,2025-07-29,2026-01-31,,,laws/zakon-za-protivodeystvie-na-terorizma.json
3206713,42489,zakon-za-darzhavnite-pomoshti,"ЗАКОН за държавните помощи",4,true,2023-12-08,2023-12-12,,,laws/zakon-za-darzhavnite-pomoshti.json
3237972,42492,zakon-za-koncesiite,"ЗАКОН за концесиите",4,true,2026-02-10,2026-02-14,,,laws/zakon-za-koncesiite.json
3263996,42500,zakon-za-otnemane-na-nezakonno-pridobitoto-imushtestvo-zagl-izm-dv-br-84-ot-2023-g-v-sila-ot-6102023-g,"ЗАКОН за отнемане на незаконно придобитото имущество (Загл. изм. – ДВ, бр. 84 от 2023 г., в сила от 6.10.2023 г.)",4,true,2026-02-10,2026-02-14,,,laws/zakon-za-otnemane-na-nezakonno-pridobitoto-imushtestvo-zagl-izm-dv-br-84-ot-2023-g-v-sila-ot-6102023-g.json
3269488,42502,zakon-za-chastnata-ohranitelna-deynost,"ЗАКОН за частната охранителна дейност",4,true,2020-08-04,2020-08-08,,,laws/zakon-za-chastnata-ohranitelna-deynost.json
3334715,42505,zakon-za-pazarite-na-finansovi-instrumenti,"ЗАКОН за пазарите на финансови инструменти",4,true,2026-03-10,2026-03-14,,,laws/zakon-za-pazarite-na-finansovi-instrumenti.json
3347503,42506,zakon-za-evropeyskata-zapoved-za-razsledvane,"ЗАКОН за Европейската заповед за разследване",4,true,2024-04-23,2024-04-27,,,laws/zakon-za-evropeyskata-zapoved-za-razsledvane.json
3398997,42509,zakon-za-platezhnite-uslugi-i-platezhnite-sistemi,"ЗАКОН за платежните услуги и платежните системи",4,true,2026-03-10,2026-03-14,,,laws/zakon-za-platezhnite-uslugi-i-platezhnite-sistemi.json
3406105,42510,zakon-za-elektronnite-saobshtitelni-mrezhi-i-fizicheska-infrastruktura,"ЗАКОН за електронните съобщителни мрежи и физическа инфраструктура",4,true,2025-04-25,2025-04-29,,,laws/zakon-za-elektronnite-saobshtitelni-mrezhi-i-fizicheska-infrastruktura.json
3464904,42512,zakon-za-merkite-sreshtu-izpiraneto-na-pari,"ЗАКОН за мерките срещу изпирането на пари",4,true,2026-02-10,2026-02-14,,,laws/zakon-za-merkite-sreshtu-izpiraneto-na-pari.json
3754522,42524,zakon-za-administrativnoto-regulirane-na-ikonomicheskite-deynosti-svarzani-s-neft-i-produkti-ot-neften-proizhod,"ЗАКОН за административното регулиране на икономическите дейности, свързани с нефт и продукти от нефтен произход",4,true,2025-11-14,2025-11-14,,,laws/zakon-za-administrativnoto-regulirane-na-ikonomicheskite-deynosti-svarzani-s-neft-i-produkti-ot-neften-proizhod.json
3804245,42527,zakon-za-fizicheskoto-vazpitanie-i-sporta,"ЗАКОН за физическото възпитание и спорта",4,true,2024-09-24,2024-09-28,,,laws/zakon-za-fizicheskoto-vazpitanie-i-sporta.json
3818710,42530,zakon-za-predpriyatiyata-na-socialnata-i-solidarna-ikonomika,"ЗАКОН за предприятията на социалната и солидарна икономика",4,true,2020-02-25,2020-02-25,,,laws/zakon-za-predpriyatiyata-na-socialnata-i-solidarna-ikonomika.json
3826122,42532,zakon-za-kibersigurnost,"ЗАКОН за киберсигурност",4,true,2026-02-13,2026-02-17,,,laws/zakon-za-kibersigurnost.json
3858844,42566,zakon-za-horata-s-uvrezhdaniya,"ЗАКОН за хората с увреждания",4,true,2024-05-01,2024-05-05,,,laws/zakon-za-horata-s-uvrezhdaniya.json
3858846,42568,zakon-za-lichnata-pomosht,"ЗАКОН за личната помощ",4,true,2022-01-28,2022-01-01,,,laws/zakon-za-lichnata-pomosht.json
3923940,42575,zakon-za-prebroyavane-na-naselenieto-i-zhilishtniya-fond-v-republika-balgariya-prez-2021-g,"ЗАКОН за преброяване на населението и жилищния фонд в Република България през 2021 г.",4,true,2020-12-22,2020-12-26,,,laws/zakon-za-prebroyavane-na-naselenieto-i-zhilishtniya-fond-v-republika-balgariya-prez-2021-g.json
3929369,42577,zakon-za-prebroyavane-na-zemedelskite-stopanstva-v-republika-balgariya-prez-2020-g,"ЗАКОН за преброяване на земеделските стопанства в Република България през 2020 г.",4,true,2019-03-15,2019-03-19,,,laws/zakon-za-prebroyavane-na-zemedelskite-stopanstva-v-republika-balgariya-prez-2020-g.json
3935487,42579,zakon-za-socialnite-uslugi,"ЗАКОН за социалните услуги",4,true,2026-03-27,2026-03-27,,,laws/zakon-za-socialnite-uslugi.json
3946056,42580,zakon-za-zashtita-na-targovskata-tayna,"ЗАКОН за защита на търговската тайна",4,true,2019-04-05,2019-04-09,,,laws/zakon-za-zashtita-na-targovskata-tayna.json
4017044,42587,zakon-za-priznavane-izpalnenie-i-izprashtane-na-sadebni-aktove-za-nalagane-na-nakazanie-lishavane-ot-svoboda-ili-na-merk,"ЗАКОН за признаване, изпълнение и изпращане на съдебни актове за налагане на наказание лишаване от свобода или на мерки, включващи лишаване от свобода",4,true,2022-07-19,2022-07-23,,,laws/zakon-za-priznavane-izpalnenie-i-izprashtane-na-sadebni-aktove-za-nalagane-na-nakazanie-lishavane-ot-svoboda-ili-na-merk.json
4154010,42671,zakon-za-publichnite-predpriyatiya,"ЗАКОН за публичните предприятия",4,true,2026-02-10,2026-02-14,,,laws/zakon-za-publichnite-predpriyatiya.json
4251557,42676,zakon-za-markite-i-geografskite-oznacheniya,"ЗАКОН за марките и географските означения",4,true,2026-03-06,2026-03-06,,,laws/zakon-za-markite-i-geografskite-oznacheniya.json
4287616,42685,zakon-za-maslodaynata-roza,"ЗАКОН за маслодайната роза",4,true,2023-12-08,2023-12-12,,,laws/zakon-za-maslodaynata-roza.json
4329753,42693,zakon-za-merkite-i-deystviyata-po-vreme-na-izvanrednoto-polozhenie-obyaveno-s-reshenie-na-narodnoto-sabranie-ot-13-mart-,"ЗАКОН за мерките и действията по време на извънредното положение, обявено с решение на Народното събрание от 13 март 2020 г., и за преодоляване на последиците (Загл. доп. – ДВ, бр. 44 от 2020 г., в сила от 14.05.2020 г.)",4,true,2022-07-08,2022-07-01,,,laws/zakon-za-merkite-i-deystviyata-po-vreme-na-izvanrednoto-polozhenie-obyaveno-s-reshenie-na-narodnoto-sabranie-ot-13-mart-.json
4353466,42695,zakon-za-upravlenie-na-agrohranitelnata-veriga,"ЗАКОН за управление на агрохранителната верига",4,true,2024-05-10,2024-05-10,,,laws/zakon-za-upravlenie-na-agrohranitelnata-veriga.json
4354797,42696,zakon-za-hranite,"ЗАКОН за храните",4,true,2025-07-04,2025-07-08,,,laws/zakon-za-hranite.json
4415589,42705,zakon-za-izpalnenie-na-reglament-es-2019125-na-evropeyskiya-parlament-i-na-saveta-ot-16012019-g-otnosno-targoviyata-s-ny,"ЗАКОН за изпълнение на Регламент (ЕС) 2019/125 на Европейския парламент и на Съвета от 16.01.2019 г. относно търговията с някои стоки, които биха могли да бъдат използвани с цел изпълнение на смъртно наказание, изтезания или други форми на жестоко, нечовеш",4,true,2024-05-10,2024-05-10,,,laws/zakon-za-izpalnenie-na-reglament-es-2019125-na-evropeyskiya-parlament-i-na-saveta-ot-16012019-g-otnosno-targoviyata-s-ny.json
4416619,42706,zakon-za-otteglyane-na-rezervata-napravena-ot-republika-balgariya-po-chl-31-ot-konvenciyata-za-statuta-na-licata-bez-gra,"ЗАКОН за оттегляне на резервата, направена от Република България по чл. 31 от Конвенцията за статута на лицата без гражданство, приета в Ню Йорк на 28 септември 1954 г. (обн., ДВ, бр. 60 от 7.08.2012 г.)",4,true,2020-09-25,2020-09-25,,,laws/zakon-za-otteglyane-na-rezervata-napravena-ot-republika-balgariya-po-chl-31-ot-konvenciyata-za-statuta-na-licata-bez-gra.json
4523434,42721,zakon-za-balgarskiya-zhestov-ezik,"ЗАКОН за българския жестов език",4,true,2023-01-31,2023-01-31,,,laws/zakon-za-balgarskiya-zhestov-ezik.json
4544385,42724,zakon-za-industrialnite-parkove,"ЗАКОН за индустриалните паркове",4,true,2024-05-10,2024-05-10,,,laws/zakon-za-industrialnite-parkove.json
4544386,42725,zakon-za-druzhestvata-sas-specialna-investicionna-cel-i-za-druzhestvata-za-sekyuritizaciya,"ЗАКОН за дружествата със специална инвестиционна цел и за дружествата за секюритизация",4,true,2026-03-10,2026-03-14,,,laws/zakon-za-druzhestvata-sas-specialna-investicionna-cel-i-za-druzhestvata-za-sekyuritizaciya.json
4545306,42726,zakon-za-predostavyane-na-cifrovo-sadarzhanie-i-cifrovi-uslugi-i-za-prodazhba-na-stoki,"ЗАКОН за предоставяне на цифрово съдържание и цифрови услуги и за продажба на стоки",4,true,2026-02-03,2026-02-03,,,laws/zakon-za-predostavyane-na-cifrovo-sadarzhanie-i-cifrovi-uslugi-i-za-prodazhba-na-stoki.json
4803412,42739,zakon-za-prilagane-na-razporedbi-na-zakona-za-darzhavniya-byudzhet-na-republika-balgariya-za-2021-g-zakona-za-byudzheta-,"ЗАКОН за прилагане на разпоредби на Закона за държавния бюджет на Република България за 2021 г., Закона за бюджета на държавното обществено осигуряване за 2021 г. и Закона за бюджета на Националната здравноосигурителна каса за 2021 г.",4,true,2022-03-04,2022-03-04,,,laws/zakon-za-prilagane-na-razporedbi-na-zakona-za-darzhavniya-byudzhet-na-republika-balgariya-za-2021-g-zakona-za-byudzheta-.json
4838786,42745,zakon-za-pokritite-obligacii,"ЗАКОН за покритите облигации",4,true,2026-03-10,2026-03-14,,,laws/zakon-za-pokritite-obligacii.json
5054483,42777,zakon-za-prilagane-na-razporedbi-na-zakona-za-darzhavniya-byudzhet-na-republika-balgariya-za-2022-g-zakona-za-byudzheta-,"ЗАКОН за прилагане на разпоредби на Закона за държавния бюджет на Република България за 2022 г., Закона за бюджета на държавното обществено осигуряване за 2022 г. и Закона за бюджета на Националната здравноосигурителна каса за 2022 г.",4,true,2023-06-20,2023-06-10,,,laws/zakon-za-prilagane-na-razporedbi-na-zakona-za-darzhavniya-byudzhet-na-republika-balgariya-za-2022-g-zakona-za-byudzheta-.json
5114945,42785,zakon-za-kompensirane-na-razhodite-na-potrebitelite-za-transport,"ЗАКОН за компенсиране на разходите на потребителите за транспорт",4,true,2023-11-17,2023-11-17,,,laws/zakon-za-kompensirane-na-razhodite-na-potrebitelite-za-transport.json
5127293,42787,zakon-za-kontrol-po-prilagane-na-ogranichitelnite-merki-s-ogled-na-deystviyata-na-rusiya-destabilizirashti-polozhenieto-,"ЗАКОН за контрол по прилагане на ограничителните мерки с оглед на действията на Русия, дестабилизиращи положението в Украйна",4,true,2023-12-22,2023-12-22,,,laws/zakon-za-kontrol-po-prilagane-na-ogranichitelnite-merki-s-ogled-na-deystviyata-na-rusiya-destabilizirashti-polozhenieto-.json
5160447,42789,zakon-za-zashtita-na-licata-podavashti-signali-ili-publichno-opovestyavashti-informaciya-za-narusheniya,"ЗАКОН за защита на лицата, подаващи сигнали или публично оповестяващи информация за нарушения",4,true,2026-02-10,2026-02-14,,,laws/zakon-za-zashtita-na-licata-podavashti-signali-ili-publichno-opovestyavashti-informaciya-za-narusheniya.json
5403309,40478,zakon-za-zashtita-ot-domashnoto-nasilie-zagl-izm-dv-br-102-ot-2009-g-v-sila-ot-22122009-g,"ЗАКОН за защита от домашното насилие (Загл. изм. - ДВ, бр. 102 от 2009 г., в сила от 22.12.2009 г.)",4,true,2023-08-11,2023-08-15,,,laws/zakon-za-zashtita-ot-domashnoto-nasilie-zagl-izm-dv-br-102-ot-2009-g-v-sila-ot-22122009-g.json
5503599,42818,zakon-za-balgarskata-narodna-banka-1,"ЗАКОН за Българската народна банка",4,true,2026-02-10,2026-02-14,,,laws/zakon-za-balgarskata-narodna-banka-1.json
5753285,42837,zakon-za-nasarchavane-na-nauchnite-izsledvaniya-i-inovaciite,"ЗАКОН за насърчаване на научните изследвания и иновациите",4,true,2026-02-10,2026-02-14,,,laws/zakon-za-nasarchavane-na-nauchnite-izsledvaniya-i-inovaciite.json
5927777,42840,zakon-za-vavezhdane-na-evroto-v-republika-balgariya,"ЗАКОН за въвеждане на еврото в Република България",4,true,2025-12-30,2026-01-01,,,laws/zakon-za-vavezhdane-na-evroto-v-republika-balgariya.json
6178930,42850,zakon-za-sabiraneto-na-prihodi-i-izvarshvaneto-na-razhodi-prez-2025-g-do-priemaneto-na-zakona-za-darzhavniya-byudzhet-na,"ЗАКОН за събирането на приходи и извършването на разходи през 2025 г. до приемането на Закона за държавния бюджет на Република България за 2025 г., Закона за бюджета на държавното обществено осигуряване за 2025 г. и Закона за бюджета на Националната здравн",4,true,2025-01-21,2025-01-01,,,laws/zakon-za-sabiraneto-na-prihodi-i-izvarshvaneto-na-razhodi-prez-2025-g-do-priemaneto-na-zakona-za-darzhavniya-byudzhet-na.json
6240742,42852,zakon-za-predostavyane-na-finansova-podkrepa-na-bitovi-krayni-klienti-na-elektricheska-energiya,"ЗАКОН за предоставяне на финансова подкрепа на битови крайни клиенти на електрическа енергия",4,true,2025-02-21,2025-02-21,,,laws/zakon-za-predostavyane-na-finansova-podkrepa-na-bitovi-krayni-klienti-na-elektricheska-energiya.json
6290013,42855,zakon-za-byudzheta-na-darzhavnoto-obshtestveno-osiguryavane-za-2025-g,"ЗАКОН за бюджета на държавното обществено осигуряване за 2025 г.",4,true,2025-03-25,2025-01-01,,,laws/zakon-za-byudzheta-na-darzhavnoto-obshtestveno-osiguryavane-za-2025-g.json
6290014,42856,zakon-za-byudzheta-na-nacionalnata-zdravnoosiguritelna-kasa-za-2025-g,"ЗАКОН за бюджета на Националната здравноосигурителна каса за 2025 г.",4,true,2025-03-28,2025-01-01,,,laws/zakon-za-byudzheta-na-nacionalnata-zdravnoosiguritelna-kasa-za-2025-g.json
6299240,42857,zakon-za-darzhavniya-byudzhet-na-republika-balgariya-za-2025-g,"ЗАКОН за държавния бюджет на Република България за 2025 г.",4,true,2025-10-09,2025-10-09,,,laws/zakon-za-darzhavniya-byudzhet-na-republika-balgariya-za-2025-g.json
6330036,42859,zakon-za-iziskvaniyata-za-dostapnost-na-produkti-i-uslugi,"ЗАКОН за изискванията за достъпност на продукти и услуги",4,true,2025-04-11,2025-06-28,,,laws/zakon-za-iziskvaniyata-za-dostapnost-na-produkti-i-uslugi.json
6344301,42861,zakon-za-ratificirane-na-sporazumenieto-mezhdu-pravitelstvoto-na-republika-balgariya-i-universitetskata-agenciya-na-fran,"ЗАКОН за ратифициране на Споразумението между правителството на Република България и Университетската агенция на Франкофонията относно седалище на Националното бюро - България, на Университетската агенция на Франкофонията - Централна и Източна Европа, подп",4,true,2025-04-22,2025-04-25,,,laws/zakon-za-ratificirane-na-sporazumenieto-mezhdu-pravitelstvoto-na-republika-balgariya-i-universitetskata-agenciya-na-fran.json
6409777,42877,zakon-za-ratificirane-na-sporazumenieto-za-sazdavane-na-evropeyskata-konferenciya-po-molekulyarna-biologiya-embc,"ЗАКОН за ратифициране на Споразумението за създаване на Европейската конференция по молекулярна биология (EMBC)",4,true,2025-05-30,2025-06-03,,,laws/zakon-za-ratificirane-na-sporazumenieto-za-sazdavane-na-evropeyskata-konferenciya-po-molekulyarna-biologiya-embc.json
6414352,42879,zakon-za-ratificirane-na-sporazumenie-za-uchastie-na-republika-balgariya-v-regionalnata-programa-na-organizaciyata-za-ik,"ЗАКОН за ратифициране на Споразумение за участие на Република България в Регионалната програма на Организацията за икономическо сътрудничество и развитие за Югоизточна Европа с доброволен финансов принос в размер на 100 000 евро (195 583 лв.) между Републи",4,true,2025-06-03,2025-06-03,,,laws/zakon-za-ratificirane-na-sporazumenie-za-uchastie-na-republika-balgariya-v-regionalnata-programa-na-organizaciyata-za-ik.json
6439360,42883,zakon-za-ratificirane-na-sporazumenie-za-izpalnenie-na-programata-interreg-vi-a-ipp-balgariya-sarbiya-2021-2027-cci-2021,"ЗАКОН за ратифициране на Споразумение за изпълнение на Програмата (Interreg VI-A) ИПП България – Сърбия 2021 – 2027 (CCI 2021TC16IPCB007)",4,true,2025-06-17,2025-06-17,,,laws/zakon-za-ratificirane-na-sporazumenie-za-izpalnenie-na-programata-interreg-vi-a-ipp-balgariya-sarbiya-2021-2027-cci-2021.json
6452498,42884,zakon-za-licata-obsluzhvashti-krediti-i-kupuvachite-na-krediti,"ЗАКОН за лицата, обслужващи кредити, и купувачите на кредити",4,true,2025-06-20,2025-06-20,,,laws/zakon-za-licata-obsluzhvashti-krediti-i-kupuvachite-na-krediti.json
6480491,42900,zakon-za-nesastoyatelnost-na-fizicheskite-lica,"ЗАКОН за несъстоятелност на физическите лица",4,true,2025-10-17,2025-10-21,,,laws/zakon-za-nesastoyatelnost-na-fizicheskite-lica.json
6480492,42901,zakon-za-ratificirane-na-ustava-na-asociaciya-foedus-european-organ-exchange,"ЗАКОН за ратифициране на Устава на Асоциация ""FOEDUS European Organ Exchange""",4,true,2025-07-04,2025-07-04,,,laws/zakon-za-ratificirane-na-ustava-na-asociaciya-foedus-european-organ-exchange.json
6480493,42926,zakon-za-pazarite-na-kriptoaktivi,"ЗАКОН за пазарите на криптоактиви",4,true,2026-03-10,2026-03-14,,,laws/zakon-za-pazarite-na-kriptoaktivi.json
6518338,42946,zakon-za-ratificirane-na-mezhdunarodnite-zdravni-pravila-2005-izmeneni-s-rezolyuciya-wha7717-na-svetovnata-zdravna-asamb,"ЗАКОН за ратифициране на Международните здравни правила (2005), изменени с резолюция WHA77.17 на Световната здравна асамблея и приети на 1 юни 2024 г.",4,true,2025-07-29,2025-08-02,,,laws/zakon-za-ratificirane-na-mezhdunarodnite-zdravni-pravila-2005-izmeneni-s-rezolyuciya-wha7717-na-svetovnata-zdravna-asamb.json
6528845,42947,zakon-za-ratificirane-na-sporazumenieto-mezhdu-pravitelstvoto-na-republika-balgariya-i-svetovnata-organizaciya-po-turiza,"ЗАКОН за ратифициране на Споразумението между правителството на Република България и Световната организация по туризъм (СОТ към ООН) за провеждане на 9-ата Глобална конференция за винен туризъм на СОТ",4,true,2025-08-01,2025-08-05,,,laws/zakon-za-ratificirane-na-sporazumenieto-mezhdu-pravitelstvoto-na-republika-balgariya-i-svetovnata-organizaciya-po-turiza.json
6584291,42948,zakon-za-ratificirane-na-tehnichesko-sporazumenie-otnosno-sazdavane-na-vremenna-ramka-za-osiguryavane-na-poddrazhka-ot-s,"ЗАКОН за ратифициране на Техническо споразумение относно създаване на временна рамка за осигуряване на поддръжка от страната домакин на Съюзните сили за реагиране (Allied Reaction Forces (ARF)",4,true,2025-09-19,2025-09-23,,,laws/zakon-za-ratificirane-na-tehnichesko-sporazumenie-otnosno-sazdavane-na-vremenna-ramka-za-osiguryavane-na-poddrazhka-ot-s.json
6584292,42949,zakon-za-ratificirane-na-pismata-za-izmenenie-na-aneksa-kam-sporazumenieto-mezhdu-republika-balgariya-i-varhovnoto-glavn,"ЗАКОН за ратифициране на писмата за изменение на Анекса към Споразумението между Република България и Върховното главно командване на Обединените въоръжени сили в Европа и Щаба на Върховния съюзен главнокомандващ по трансформацията за допълнение на Парижки",4,true,2025-09-19,2025-09-23,,,laws/zakon-za-ratificirane-na-pismata-za-izmenenie-na-aneksa-kam-sporazumenieto-mezhdu-republika-balgariya-i-varhovnoto-glavn.json
6717686,42970,zakon-za-ratificirane-na-spogodbata-mezhdu-republika-balgariya-i-republika-malta-za-izbyagvane-na-dvoynoto-danachno-obla,"ЗАКОН за ратифициране на Спогодбата между Репуб­лика България и Република Малта за избягване на двойното данъчно облагане по отношение на данъците върху доходите и имуществото и предотвратяване на отклонението и заобикалянето на данъчното облагане",4,true,2025-12-09,2025-12-13,,,laws/zakon-za-ratificirane-na-spogodbata-mezhdu-republika-balgariya-i-republika-malta-za-izbyagvane-na-dvoynoto-danachno-obla.json
6739812,42973,zakon-za-ratificirane-na-sporazumenieto-mezhdu-pravitelstvoto-na-republika-balgariya-i-pravitelstvoto-na-obedinenoto-kra,"ЗАКОН за ратифициране на Споразумението между правителството на Република България и правителството на Обединеното кралство Великобритания и Северна Ирландия за прекратяване на Договора между правителството на Република България и правителството на Обедине",4,true,2025-12-19,2025-12-19,,,laws/zakon-za-ratificirane-na-sporazumenieto-mezhdu-pravitelstvoto-na-republika-balgariya-i-pravitelstvoto-na-obedinenoto-kra.json
6739813,42974,zakon-za-ratificirane-na-sporazumenieto-mezhdu-republika-balgariya-i-organizaciyata-za-ikonomichesko-satrudnichestvo-i-r,"ЗАКОН за ратифициране на Споразумението между Република България и Организацията за икономическо сътрудничество и развитие относно привилегиите, имунитетите и улесненията, предоставени на Организацията",4,true,2025-12-19,2025-12-23,,,laws/zakon-za-ratificirane-na-sporazumenieto-mezhdu-republika-balgariya-i-organizaciyata-za-ikonomichesko-satrudnichestvo-i-r.json
6741605,42977,zakon-za-sabiraneto-na-prihodi-i-izvarshvaneto-na-razhodi-prez-2026-g-do-priemaneto-na-zakona-za-darzhavniya-byudzhet-na,"ЗАКОН за събирането на приходи и извършването на разходи през 2026 г. до приемането на Закона за държавния бюджет на Република България за 2026 г., Закона за бюджета на държавното обществено осигуряване за 2026 г. и Закона за бюджета на Националната здравн",4,true,2026-03-27,2026-03-27,,,laws/zakon-za-sabiraneto-na-prihodi-i-izvarshvaneto-na-razhodi-prez-2026-g-do-priemaneto-na-zakona-za-darzhavniya-byudzhet-na.json
6810807,42979,zakon-za-obshtite-iziskvaniya-za-bezopasnost-pri-predostavyane-na-atrakcionni-uslugi-predstavlyavashti-iztochnik-na-povi,"ЗАКОН за общите изисквания за безопасност при предоставяне на атракционни услуги, представляващи източник на повишена опасност",4,true,2026-02-10,2026-02-14,,,laws/zakon-za-obshtite-iziskvaniya-za-bezopasnost-pri-predostavyane-na-atrakcionni-uslugi-predstavlyavashti-iztochnik-na-povi.json
6810808,42980,zakon-za-ratificirane-na-sporazumenieto-mezhdu-pravitelstvoto-na-republika-balgariya-i-pravitelstvoto-na-italianskata-re,"ЗАКОН за ратифициране на Споразумението между правителството на Република България и правителството на Италианската република за сътрудничество в областта на отбраната относно съвместното изграждане и използване на военни съоръжения на територията на войск",4,true,2026-02-10,2026-02-14,,,laws/zakon-za-ratificirane-na-sporazumenieto-mezhdu-pravitelstvoto-na-republika-balgariya-i-pravitelstvoto-na-italianskata-re.json
6834268,42981,zakon-za-ratificirane-na-sporazumenieto-mezhdu-pravitelstvoto-na-republika-balgariya-i-pravitelstvoto-na-republika-sever,"ЗАКОН за ратифициране на Споразумението между правителството на Република България и правителството на Република Северна Македония за подготовката, изграждането и екс­плоатацията на трансгранично железопътно тунелно съоръжение, подписано на 6 ноември 2025",4,true,2026-02-24,2026-02-28,,,laws/zakon-za-ratificirane-na-sporazumenieto-mezhdu-pravitelstvoto-na-republika-balgariya-i-pravitelstvoto-na-republika-sever.json
6834269,42982,zakon-za-ratificirane-na-sporazumenie-za-izmenenie-i-dopalnenie-na-ramkovoto-sporazumenie-mezhdu-pravitelstvoto-na-repub,"ЗАКОН за ратифициране на Споразумение за изменение и допълнение на Рамковото споразумение между правителството на Република България и Европейския инвестиционен фонд относно изпълнението на Инициативата JEREMIE в Република България (Четвърто споразумение з",4,true,2026-02-24,2026-02-28,,,laws/zakon-za-ratificirane-na-sporazumenie-za-izmenenie-i-dopalnenie-na-ramkovoto-sporazumenie-mezhdu-pravitelstvoto-na-repub.json
6842227,42984,zakon-za-ratificirane-na-mezhdunaroden-dogovor-letter-of-offer-and-acceptance-loa-bu-p-aal-pridobivane-na-mobilna-raketn,"ЗАКОН за ратифициране на Международен договор (Letter of Offer and Аcceptance – LOA) BU-P-AAL ""Придобиване на мобилна ракетна (NSM) система за брегова отбрана (CDS) и свързаните с нея оборудване, резервни части, обучение и свързаната с тях поддръжка"" и на",4,true,2026-02-27,2026-03-03,,,laws/zakon-za-ratificirane-na-mezhdunaroden-dogovor-letter-of-offer-and-acceptance-loa-bu-p-aal-pridobivane-na-mobilna-raketn.json
6858971,42986,zakon-za-ratificirane-na-sporazumenieto-za-partnyorstvo-mezhdu-evropeyskiya-sayuz-i-negovite-darzhavi-chlenki-ot-edna-st,"ЗАКОН за ратифициране на Споразумението за партньорство между Европейския съюз и неговите държави членки, от една страна, и членовете на Организацията на държавите от Африка, Карибите и Тихоокеанския басейн, от друга страна, подписано в Самоа на 15 ноември",4,true,2026-03-10,2026-03-10,,,laws/zakon-za-ratificirane-na-sporazumenieto-za-partnyorstvo-mezhdu-evropeyskiya-sayuz-i-negovite-darzhavi-chlenki-ot-edna-st.json
6884775,42988,zakon-za-prozrachnost-pri-predstavitelstvo-na-interesi,"ЗАКОН за прозрачност при представителство на интереси",4,true,2026-03-27,2026-03-31,,,laws/zakon-za-prozrachnost-pri-predstavitelstvo-na-interesi.json
6896714,42989,zakon-za-obshtestveniya-transport,"ЗАКОН за обществения транспорт",4,true,2026-04-01,2026-04-16,,,laws/zakon-za-obshtestveniya-transport.json
